#include "sin_wave_model.h"

alignas(8) const unsigned char sin_wave_model_tflite[] = {
  0x1c, 0x00, 0x00, 0x00, 0x54, 0x46, 0x4c, 0x33, 0x14, 0x00, 0x20, 0x00,
  0x1c, 0x00, 0x18, 0x00, 0x14, 0x00, 0x10, 0x00, 0x0c, 0x00, 0x00, 0x00,
  0x08, 0x00, 0x04, 0x00, 0x14, 0x00, 0x00, 0x00, 0x1c, 0x00, 0x00, 0x00,
  0x98, 0x00, 0x00, 0x00, 0xf0, 0x00, 0x00, 0x00, 0x5c, 0x2e, 0x00, 0x00,
  0x6c, 0x2e, 0x00, 0x00, 0x08, 0x4b, 0x00, 0x00, 0x03, 0x00, 0x00, 0x00,
  0x01, 0x00, 0x00, 0x00, 0x10, 0x00, 0x00, 0x00, 0x00, 0x00, 0x0a, 0x00,
  0x10, 0x00, 0x0c, 0x00, 0x08, 0x00, 0x04, 0x00, 0x0a, 0x00, 0x00, 0x00,
  0x0c, 0x00, 0x00, 0x00, 0x1c, 0x00, 0x00, 0x00, 0x3c, 0x00, 0x00, 0x00,
  0x0f, 0x00, 0x00, 0x00, 0x73, 0x65, 0x72, 0x76, 0x69, 0x6e, 0x67, 0x5f,
  0x64, 0x65, 0x66, 0x61, 0x75, 0x6c, 0x74, 0x00, 0x01, 0x00, 0x00, 0x00,
  0x04, 0x00, 0x00, 0x00, 0x90, 0xff, 0xff, 0xff, 0x0c, 0x00, 0x00, 0x00,
  0x04, 0x00, 0x00, 0x00, 0x08, 0x00, 0x00, 0x00, 0x6f, 0x75, 0x74, 0x70,
  0x75, 0x74, 0x5f, 0x30, 0x00, 0x00, 0x00, 0x00, 0x01, 0x00, 0x00, 0x00,
  0x04, 0x00, 0x00, 0x00, 0x36, 0xd2, 0xff, 0xff, 0x04, 0x00, 0x00, 0x00,
  0x0c, 0x00, 0x00, 0x00, 0x6b, 0x65, 0x72, 0x61, 0x73, 0x5f, 0x74, 0x65,
  0x6e, 0x73, 0x6f, 0x72, 0x00, 0x00, 0x00, 0x00, 0x02, 0x00, 0x00, 0x00,
  0x34, 0x00, 0x00, 0x00, 0x04, 0x00, 0x00, 0x00, 0xdc, 0xff, 0xff, 0xff,
  0x0f, 0x00, 0x00, 0x00, 0x04, 0x00, 0x00, 0x00, 0x13, 0x00, 0x00, 0x00,
  0x43, 0x4f, 0x4e, 0x56, 0x45, 0x52, 0x53, 0x49, 0x4f, 0x4e, 0x5f, 0x4d,
  0x45, 0x54, 0x41, 0x44, 0x41, 0x54, 0x41, 0x00, 0x08, 0x00, 0x0c, 0x00,
  0x08, 0x00, 0x04, 0x00, 0x08, 0x00, 0x00, 0x00, 0x0e, 0x00, 0x00, 0x00,
  0x04, 0x00, 0x00, 0x00, 0x13, 0x00, 0x00, 0x00, 0x6d, 0x69, 0x6e, 0x5f,
  0x72, 0x75, 0x6e, 0x74, 0x69, 0x6d, 0x65, 0x5f, 0x76, 0x65, 0x72, 0x73,
  0x69, 0x6f, 0x6e, 0x00, 0x10, 0x00, 0x00, 0x00, 0x68, 0x2d, 0x00, 0x00,
  0x60, 0x2d, 0x00, 0x00, 0x4c, 0x2d, 0x00, 0x00, 0xb4, 0x2c, 0x00, 0x00,
  0xa4, 0x2a, 0x00, 0x00, 0x94, 0x0a, 0x00, 0x00, 0x84, 0x09, 0x00, 0x00,
  0x74, 0x01, 0x00, 0x00, 0xe4, 0x00, 0x00, 0x00, 0xb4, 0x00, 0x00, 0x00,
  0xac, 0x00, 0x00, 0x00, 0xa4, 0x00, 0x00, 0x00, 0x9c, 0x00, 0x00, 0x00,
  0x94, 0x00, 0x00, 0x00, 0x74, 0x00, 0x00, 0x00, 0x04, 0x00, 0x00, 0x00,
  0xf2, 0xd2, 0xff, 0xff, 0x04, 0x00, 0x00, 0x00, 0x60, 0x00, 0x00, 0x00,
  0x0c, 0x00, 0x00, 0x00, 0x08, 0x00, 0x0e, 0x00, 0x08, 0x00, 0x04, 0x00,
  0x08, 0x00, 0x00, 0x00, 0x10, 0x00, 0x00, 0x00, 0x28, 0x00, 0x00, 0x00,
  0x00, 0x00, 0x06, 0x00, 0x08, 0x00, 0x04, 0x00, 0x06, 0x00, 0x00, 0x00,
  0x04, 0x00, 0x00, 0x00, 0x01, 0x00, 0x00, 0x00, 0xeb, 0x03, 0x00, 0x00,
  0x0c, 0x00, 0x18, 0x00, 0x14, 0x00, 0x10, 0x00, 0x0c, 0x00, 0x04, 0x00,
  0x0c, 0x00, 0x00, 0x00, 0xa3, 0xc3, 0x44, 0x35, 0xbb, 0x1a, 0x54, 0x89,
  0x02, 0x00, 0x00, 0x00, 0x02, 0x00, 0x00, 0x00, 0x04, 0x00, 0x00, 0x00,
  0x06, 0x00, 0x00, 0x00, 0x32, 0x2e, 0x32, 0x30, 0x2e, 0x30, 0x00, 0x00,
  0x5e, 0xd3, 0xff, 0xff, 0x04, 0x00, 0x00, 0x00, 0x10, 0x00, 0x00, 0x00,
  0x31, 0x2e, 0x31, 0x34, 0x2e, 0x30, 0x00, 0x00, 0x00, 0x00, 0x00, 0x00,
  0x00, 0x00, 0x00, 0x00, 0xe4, 0xd2, 0xff, 0xff, 0xe8, 0xd2, 0xff, 0xff,
  0xec, 0xd2, 0xff, 0xff, 0xf0, 0xd2, 0xff, 0xff, 0x8a, 0xd3, 0xff, 0xff,
  0x04, 0x00, 0x00, 0x00, 0x20, 0x00, 0x00, 0x00, 0x7f, 0x7f, 0x81, 0x7f,
  0x81, 0x7f, 0x7f, 0x81, 0x7f, 0x7f, 0x81, 0x81, 0x7f, 0x81, 0x81, 0x7f,
  0x81, 0x81, 0x7f, 0x81, 0x81, 0x7f, 0x7f, 0x81, 0x7f, 0x81, 0x81, 0x7f,
  0x7f, 0x81, 0x81, 0x7f, 0xb6, 0xd3, 0xff, 0xff, 0x04, 0x00, 0x00, 0x00,
  0x80, 0x00, 0x00, 0x00, 0x85, 0x09, 0x00, 0x00, 0x28, 0x02, 0x00, 0x00,
  0x00, 0x00, 0x00, 0x00, 0xa6, 0x04, 0x00, 0x00, 0x00, 0x00, 0x00, 0x00,
  0xa1, 0xec, 0xff, 0xff, 0x07, 0xf9, 0xff, 0xff, 0x00, 0x00, 0x00, 0x00,
  0xbe, 0xcd, 0xff, 0xff, 0xb9, 0x22, 0x00, 0x00, 0x00, 0x00, 0x00, 0x00,
  0x00, 0x00, 0x00, 0x00, 0x62, 0xfb, 0xff, 0xff, 0x00, 0x00, 0x00, 0x00,
  0x35, 0x77, 0x02, 0x00, 0x2e, 0x00, 0x00, 0x00, 0x00, 0x00, 0x00, 0x00,
  0x00, 0x00, 0x00, 0x00, 0x50, 0xc8, 0xff, 0xff, 0x00, 0x00, 0x00, 0x00,
  0x00, 0x00, 0x00, 0x00, 0x9e, 0xf6, 0xff, 0xff, 0x51, 0xfe, 0xff, 0xff,
  0x00, 0x00, 0x00, 0x00, 0x07, 0xf4, 0xff, 0xff, 0x00, 0x00, 0x00, 0x00,
  0x00, 0x00, 0x00, 0x00, 0x00, 0xcd, 0xff, 0xff, 0x68, 0x50, 0x00, 0x00,
  0x00, 0x00, 0x00, 0x00, 0x00, 0x00, 0x00, 0x00, 0x72, 0x00, 0x00, 0x00,
  0x42, 0xd4, 0xff, 0xff, 0x04, 0x00, 0x00, 0x00, 0x00, 0x08, 0x00, 0x00,
  0x5b, 0x16, 0xc8, 0xc4, 0x58, 0xf7, 0x29, 0x06, 0xef, 0x4e, 0xd9, 0xc5,
  0x0a, 0xc0, 0x81, 0x1a, 0xd9, 0xf4, 0xfa, 0xb8, 0xb2, 0x1e, 0x5c, 0xf3,
  0xdb, 0x03, 0xe6, 0x12, 0xb0, 0xf6, 0x5b, 0x48, 0xfa, 0x26, 0xd0, 0x25,
  0xa4, 0xc8, 0x3f, 0xcd, 0xe3, 0x5f, 0x83, 0xc4, 0xb8, 0xf1, 0x9a, 0x81,
  0x21, 0x03, 0xee, 0xc9, 0x9d, 0x90, 0xdb, 0x14, 0xc8, 0xdf, 0xc2, 0x17,
  0xd1, 0xf9, 0x03, 0x6a, 0x47, 0x0c, 0xdf, 0xb1, 0x09, 0xd3, 0xb1, 0xb7,
  0x83, 0xfc, 0x8b, 0xe5, 0x33, 0x81, 0xf6, 0x5b, 0xb7, 0x06, 0x2b, 0x2f,
  0x94, 0xc9, 0x5f, 0x99, 0xe5, 0x7b, 0xd4, 0x9c, 0xe6, 0x70, 0xf0, 0x9f,
  0x35, 0xda, 0x00, 0x4a, 0xf1, 0xb0, 0x39, 0x21, 0xed, 0xf0, 0xa9, 0x41,
  0xc7, 0x4a, 0x07, 0x17, 0x42, 0x55, 0x81, 0xd1, 0x07, 0xad, 0xc7, 0x13,
  0xba, 0x41, 0x56, 0xa6, 0xe7, 0x53, 0x4f, 0x33, 0x3b, 0x3e, 0xe1, 0x34,
  0xab, 0x29, 0x56, 0xef, 0x7f, 0xae, 0x4e, 0xe2, 0x3a, 0x5d, 0xbb, 0x51,
  0x30, 0x56, 0x7e, 0xf0, 0x3e, 0x16, 0xca, 0xde, 0x61, 0x0d, 0x5c, 0x4f,
  0xcb, 0xda, 0x12, 0xc0, 0x9e, 0xbe, 0x43, 0x1c, 0x39, 0x56, 0xce, 0xed,
  0x64, 0x9e, 0x89, 0xe0, 0xaf, 0xa6, 0xb8, 0x2b, 0x3c, 0xb7, 0x77, 0x1d,
  0x8d, 0x57, 0xc6, 0x9b, 0xbe, 0xd2, 0x7f, 0x85, 0x67, 0xfa, 0x46, 0x86,
  0x31, 0x66, 0x0e, 0x96, 0xd5, 0x82, 0x95, 0xea, 0x8a, 0x7b, 0xb1, 0xfc,
  0x48, 0x96, 0x48, 0x4c, 0x5b, 0x6e, 0xa5, 0xff, 0x25, 0x81, 0xea, 0x5f,
  0x63, 0x50, 0x45, 0x9c, 0x7a, 0xbf, 0x24, 0x3c, 0x08, 0x1a, 0xf2, 0x5b,
  0x4d, 0xc6, 0x3c, 0xde, 0x8d, 0x8c, 0x9c, 0x10, 0x56, 0x4a, 0xa3, 0x97,
  0x9e, 0x61, 0x8b, 0x97, 0x5f, 0x9b, 0x8e, 0xbc, 0x2f, 0x2f, 0x63, 0xdc,
  0xdc, 0x3a, 0x75, 0x81, 0x98, 0x8d, 0xb5, 0x13, 0xd0, 0xfe, 0xe1, 0xe9,
  0x6c, 0x9e, 0x26, 0xd5, 0x1e, 0xb6, 0xea, 0xc6, 0x70, 0x8c, 0x8c, 0x58,
  0xd5, 0xc0, 0xba, 0x47, 0x53, 0xeb, 0xf0, 0x34, 0x7f, 0x65, 0xdf, 0xd3,
  0xe1, 0x01, 0xc5, 0x05, 0x41, 0x38, 0x4c, 0xbb, 0x29, 0x1d, 0x39, 0xeb,
  0x3b, 0xcd, 0x86, 0xd9, 0xf1, 0x4d, 0x42, 0xb1, 0xc1, 0x57, 0x55, 0x08,
  0x43, 0xec, 0x04, 0x7f, 0x9c, 0xd3, 0xd4, 0x34, 0xb9, 0x39, 0xa3, 0x0d,
  0xb9, 0x70, 0x16, 0xf6, 0x85, 0xd1, 0xb2, 0x24, 0x4b, 0x88, 0xed, 0xfd,
  0xd9, 0x89, 0xbb, 0xfa, 0x3e, 0x81, 0xb4, 0xad, 0x30, 0xd0, 0x1f, 0xbf,
  0x0a, 0x75, 0x9a, 0xc9, 0x0a, 0x4b, 0xea, 0x0f, 0xd8, 0x34, 0xe6, 0xe6,
  0xb2, 0x4e, 0x57, 0x35, 0x00, 0xb3, 0x6f, 0xc6, 0x45, 0xbf, 0xd8, 0x52,
  0x57, 0x17, 0xf6, 0x53, 0x09, 0xab, 0x16, 0x81, 0xf0, 0x3b, 0xcd, 0xc1,
  0x20, 0x50, 0x15, 0x1f, 0x52, 0x14, 0xb6, 0x05, 0xca, 0x3f, 0xe8, 0xcd,
  0xb8, 0xa5, 0x24, 0x50, 0x18, 0xb1, 0xea, 0xde, 0xe8, 0x1b, 0x4f, 0x4b,
  0x9a, 0x13, 0x34, 0x21, 0x7f, 0x4e, 0xa6, 0xac, 0x24, 0xaa, 0x75, 0xc3,
  0xdd, 0xd5, 0x35, 0xc6, 0x87, 0x48, 0x8f, 0xc9, 0x93, 0x0a, 0x82, 0x2a,
  0x4b, 0x82, 0x81, 0xa1, 0x9c, 0xd1, 0x33, 0x1e, 0x72, 0xea, 0xa2, 0x1c,
  0x21, 0x66, 0x7f, 0xc5, 0x02, 0xf9, 0xdf, 0xdb, 0xeb, 0x07, 0x18, 0xba,
  0xbd, 0x1b, 0xd7, 0x4b, 0xf3, 0x33, 0x7d, 0x39, 0xe9, 0xcf, 0xfb, 0x4c,
  0x4b, 0x17, 0xfa, 0xb9, 0xc8, 0x14, 0x4d, 0x81, 0x5d, 0x09, 0x06, 0x14,
  0x87, 0x81, 0xef, 0x9b, 0x5b, 0xf5, 0xca, 0xce, 0x86, 0xdb, 0xf3, 0x82,
  0xf9, 0xce, 0x2b, 0xfc, 0xc2, 0xd2, 0x34, 0x7f, 0x4c, 0x72, 0xdc, 0x25,
  0x66, 0xfc, 0xec, 0xf0, 0xcb, 0x13, 0x79, 0x93, 0x15, 0x1c, 0xc4, 0xea,
  0xa6, 0x10, 0xe5, 0x27, 0xff, 0x26, 0x32, 0xe4, 0xa7, 0x50, 0x43, 0x14,
  0xce, 0xbb, 0x29, 0x0e, 0x01, 0xe4, 0xac, 0x1a, 0xfd, 0xbd, 0xe0, 0x18,
  0x4a, 0xe9, 0xb6, 0x81, 0x49, 0xec, 0xd7, 0xe8, 0x09, 0xfd, 0x90, 0x61,
  0x2a, 0xf9, 0x3f, 0x5f, 0xad, 0x26, 0xc1, 0x34, 0xf2, 0x2c, 0x4f, 0xec,
  0xbc, 0xd2, 0xd4, 0x33, 0xe4, 0x06, 0xa6, 0x16, 0x7f, 0xfb, 0x30, 0x3e,
  0xb0, 0x4f, 0xce, 0xaf, 0x69, 0xdb, 0x5b, 0xa2, 0x81, 0xf4, 0x37, 0x55,
  0x23, 0xe7, 0x29, 0x5c, 0x1f, 0xbf, 0xd6, 0xbf, 0x06, 0xc0, 0x52, 0xa4,
  0x07, 0xf3, 0xa1, 0xee, 0x08, 0x3b, 0xe1, 0x55, 0x10, 0x67, 0x84, 0xc2,
  0x7a, 0xe0, 0x8b, 0x32, 0x20, 0xdf, 0xcf, 0xb5, 0x7f, 0xbe, 0x9a, 0xd1,
  0xe8, 0x6e, 0x4f, 0x1b, 0x49, 0xfd, 0x66, 0x25, 0x7b, 0x72, 0x30, 0x0c,
  0xe8, 0xa9, 0x7a, 0xd7, 0x4f, 0x5c, 0x3f, 0x2d, 0xc5, 0x00, 0x7d, 0x8a,
  0x4f, 0x3f, 0x5c, 0xa6, 0x8e, 0x3b, 0x67, 0xa8, 0xf8, 0x37, 0x8c, 0x11,
  0x60, 0xb9, 0xdf, 0x97, 0x7b, 0x22, 0x3a, 0x7f, 0xc8, 0x26, 0x9d, 0x7d,
  0x6c, 0xd6, 0x44, 0x58, 0x23, 0xb5, 0xb8, 0x50, 0x9a, 0xb4, 0xec, 0xaa,
  0x97, 0xb7, 0x7f, 0x05, 0xe8, 0xf3, 0xa1, 0x26, 0xcf, 0xc0, 0xb9, 0x9a,
  0x47, 0xee, 0xca, 0x84, 0x7c, 0x28, 0xc4, 0x42, 0x0b, 0xb3, 0x3a, 0xa7,
  0xd2, 0xbb, 0x76, 0x7d, 0x12, 0xe7, 0x8c, 0x3b, 0x7f, 0x6d, 0x40, 0x65,
  0x12, 0x21, 0x22, 0xb7, 0x62, 0x11, 0x45, 0xfc, 0xf9, 0x85, 0x66, 0x3d,
  0x53, 0x89, 0x6e, 0xbc, 0x78, 0x39, 0x93, 0x86, 0x01, 0xc7, 0x66, 0xfd,
  0x49, 0x48, 0x5b, 0x1e, 0x62, 0x7f, 0x1e, 0xfd, 0xc9, 0xef, 0x21, 0x9b,
  0x86, 0x62, 0xd9, 0xb1, 0xcf, 0xa5, 0x30, 0x22, 0x38, 0xee, 0x32, 0xdd,
  0x2f, 0x04, 0xf7, 0x84, 0x0a, 0x70, 0xe4, 0x52, 0x81, 0x11, 0x81, 0xac,
  0x37, 0x52, 0xba, 0xe5, 0x4c, 0x68, 0x99, 0x5f, 0x6a, 0x0e, 0x2f, 0xc9,
  0xf6, 0xc7, 0x6d, 0xf0, 0x2a, 0x7c, 0x41, 0x94, 0x63, 0xa7, 0x62, 0xb1,
  0x9d, 0x63, 0xe6, 0x66, 0xc0, 0x7f, 0x39, 0xfe, 0xd0, 0x5a, 0x35, 0x22,
  0x14, 0x69, 0x50, 0x23, 0x9e, 0xb5, 0x27, 0xb8, 0xf7, 0xaa, 0x3a, 0xd7,
  0x2f, 0x18, 0x5a, 0xb6, 0xfa, 0xd3, 0x32, 0x06, 0xf6, 0x0a, 0xdd, 0xda,
  0x50, 0xf5, 0xf3, 0xec, 0xf4, 0x0d, 0x81, 0x0e, 0x0a, 0x30, 0xfe, 0xd1,
  0x35, 0x1e, 0x05, 0xcb, 0x39, 0xc0, 0xba, 0x22, 0xd5, 0x1e, 0xee, 0x3e,
  0xb5, 0x5a, 0xab, 0x81, 0x12, 0xf3, 0x92, 0x9c, 0x84, 0x81, 0x8f, 0x8e,
  0xc1, 0xeb, 0x75, 0x04, 0x25, 0x71, 0xde, 0x03, 0xc0, 0xea, 0x0d, 0x3e,
  0xf6, 0x5c, 0xae, 0x2d, 0x47, 0x75, 0xa9, 0x9c, 0x0a, 0x9b, 0x4b, 0x18,
  0x4a, 0xcb, 0xb0, 0x56, 0x19, 0x21, 0x3c, 0xc4, 0xe8, 0x60, 0x00, 0x88,
  0xb3, 0xb6, 0x5d, 0x4e, 0xa9, 0xa7, 0xce, 0xc6, 0x56, 0x19, 0xd9, 0x03,
  0x40, 0x5c, 0x1b, 0x81, 0xf9, 0x2c, 0xdc, 0xd4, 0x67, 0xb8, 0x88, 0xc8,
  0xa6, 0x1a, 0x0c, 0xd5, 0x01, 0x29, 0x4f, 0xde, 0xa3, 0xb0, 0x3b, 0xa3,
  0xf6, 0xc7, 0xd0, 0xe4, 0xde, 0x6a, 0xe6, 0x13, 0xd1, 0x2d, 0xc9, 0x81,
  0xa5, 0xe6, 0x5b, 0xfd, 0xe1, 0x51, 0xbe, 0x5b, 0xb6, 0x53, 0xd3, 0x02,
  0x95, 0x99, 0x1f, 0x45, 0x5e, 0xce, 0xa7, 0x91, 0xff, 0xa7, 0x8b, 0xf1,
  0x4d, 0x53, 0x19, 0x7f, 0x37, 0xda, 0x4e, 0x94, 0x09, 0x90, 0x1e, 0x23,
  0xcc, 0xf9, 0x74, 0x06, 0xca, 0x3c, 0x27, 0x0b, 0xbd, 0xaf, 0xa0, 0x63,
  0x1b, 0x0a, 0x50, 0xbc, 0x68, 0x5e, 0x16, 0xf6, 0xe9, 0x46, 0x57, 0x61,
  0x81, 0x20, 0x7c, 0x1d, 0x67, 0x1f, 0x91, 0x99, 0x16, 0xb6, 0xe4, 0xf4,
  0x64, 0xf8, 0x15, 0x02, 0x35, 0xb4, 0xf3, 0x2a, 0x52, 0x9a, 0xca, 0xf1,
  0xa7, 0x2b, 0x86, 0xdd, 0x18, 0x26, 0x56, 0x04, 0x50, 0xad, 0x14, 0x81,
  0x4c, 0xc8, 0xc9, 0xae, 0xcc, 0xee, 0x9b, 0xe2, 0x99, 0x15, 0x96, 0xe6,
  0xaa, 0x83, 0x17, 0xad, 0xbe, 0x42, 0xc4, 0xbf, 0x7f, 0x92, 0x0b, 0xdb,
  0x2b, 0xbf, 0xac, 0x62, 0xd7, 0x2f, 0x5e, 0x24, 0xa5, 0x28, 0xe3, 0xa7,
  0xa8, 0xa7, 0xa9, 0x82, 0xbc, 0xbe, 0xfe, 0x62, 0xac, 0x81, 0x73, 0xa3,
  0xb1, 0xbe, 0x57, 0xb9, 0xc4, 0x10, 0xf4, 0xe5, 0x79, 0xfd, 0x06, 0x87,
  0x0a, 0x0e, 0xbf, 0x79, 0xc5, 0x1f, 0x0f, 0x08, 0x15, 0xdc, 0x07, 0x1a,
  0x94, 0x2f, 0x32, 0xf4, 0x09, 0xc7, 0x7f, 0x0c, 0x1a, 0x21, 0xaf, 0x01,
  0x2c, 0xe5, 0xfe, 0xf2, 0x35, 0xd0, 0xd2, 0xb7, 0x1e, 0x23, 0xc3, 0x1e,
  0x96, 0x2b, 0x66, 0xa8, 0x41, 0x4a, 0x7a, 0x4c, 0x4d, 0xef, 0x60, 0x0d,
  0x65, 0x3c, 0x0e, 0xf8, 0xc6, 0xe1, 0x9f, 0x32, 0x81, 0xfd, 0xe6, 0x7a,
  0xa2, 0xec, 0x8a, 0xec, 0xc3, 0x2d, 0x90, 0x90, 0xae, 0xcb, 0x5a, 0x29,
  0x81, 0x60, 0x16, 0xbd, 0xdd, 0x4a, 0x0e, 0xd6, 0x7e, 0xb0, 0x35, 0x91,
  0x34, 0xf3, 0x4f, 0x11, 0x8e, 0xe4, 0x35, 0x99, 0x2d, 0x7b, 0x71, 0x1f,
  0x08, 0xd1, 0xb4, 0xac, 0x9c, 0x17, 0xb2, 0xe3, 0xf5, 0xc4, 0x70, 0x40,
  0x62, 0xf7, 0x21, 0xfb, 0xb9, 0xed, 0x3f, 0x3b, 0x88, 0x38, 0x79, 0xd2,
  0x7b, 0xfe, 0x28, 0x56, 0x8c, 0x35, 0x81, 0x70, 0x70, 0x95, 0x3e, 0xe0,
  0xde, 0xe3, 0x4f, 0x1a, 0x83, 0x26, 0xbc, 0x3b, 0x2d, 0x7b, 0xa0, 0xb0,
  0xb7, 0xc1, 0xa7, 0x25, 0x2a, 0xd3, 0x72, 0x4a, 0x81, 0xb0, 0xf4, 0x2f,
  0xae, 0x82, 0x5d, 0xbd, 0x69, 0x6a, 0x0f, 0x0e, 0xcf, 0x7f, 0x53, 0x48,
  0xda, 0xe1, 0x7e, 0x1e, 0x3c, 0xcc, 0xec, 0xd1, 0xd5, 0x1f, 0xce, 0x6e,
  0xb0, 0x63, 0xf8, 0xb5, 0x1f, 0x18, 0xc6, 0x13, 0xf3, 0xd5, 0xe4, 0x90,
  0x47, 0x94, 0xa9, 0x22, 0x63, 0xcb, 0x41, 0x3a, 0x9a, 0x43, 0x50, 0xdb,
  0x9e, 0xef, 0xaa, 0x45, 0x9d, 0x53, 0x7f, 0x5c, 0x48, 0xfc, 0x12, 0x24,
  0x3c, 0xa7, 0xca, 0xd7, 0xa3, 0x97, 0x10, 0x5c, 0xbe, 0x5a, 0xd9, 0x91,
  0xfd, 0xa0, 0x18, 0xcc, 0x35, 0x3d, 0xe2, 0x9e, 0x09, 0x07, 0x9f, 0xa7,
  0x65, 0x03, 0xbf, 0xbf, 0xd2, 0x0f, 0xf5, 0xba, 0xdf, 0x4c, 0x5e, 0x26,
  0x61, 0xf7, 0x5e, 0x7f, 0x0e, 0x28, 0xa0, 0x36, 0x3a, 0xd4, 0x17, 0x2d,
  0xe3, 0x01, 0x23, 0xbe, 0x81, 0x48, 0xc8, 0xc4, 0xc4, 0x2b, 0x30, 0xca,
  0xb0, 0x40, 0xfd, 0xc5, 0x06, 0x00, 0x0c, 0x31, 0xf8, 0xea, 0x21, 0xfc,
  0x11, 0x23, 0x34, 0xb3, 0x23, 0x04, 0x45, 0xfa, 0x62, 0x5e, 0x09, 0xd7,
  0x37, 0x46, 0xf6, 0x62, 0x6d, 0xff, 0xf1, 0x56, 0x65, 0xd7, 0x53, 0x23,
  0x0b, 0x4f, 0x0b, 0x9d, 0x57, 0xe2, 0xac, 0x7f, 0x4b, 0xd2, 0xf1, 0x41,
  0x58, 0xad, 0xae, 0x19, 0xe8, 0xd8, 0x11, 0x21, 0x81, 0xc9, 0x55, 0x51,
  0x08, 0x16, 0x76, 0x0f, 0xcc, 0x22, 0x9b, 0xd1, 0x55, 0xa6, 0xd0, 0x43,
  0x13, 0xcd, 0x55, 0xb5, 0x07, 0x42, 0x19, 0x08, 0x92, 0x8f, 0x27, 0xf5,
  0x74, 0x0b, 0x73, 0x58, 0x81, 0xb7, 0x52, 0x3e, 0x53, 0x02, 0x5b, 0x8e,
  0x43, 0x01, 0xdc, 0xe0, 0x47, 0x01, 0x5b, 0x3c, 0x27, 0x96, 0xd2, 0x0c,
  0xe5, 0xce, 0xd2, 0x4e, 0xba, 0xa4, 0x00, 0x94, 0x21, 0xf2, 0xe0, 0x99,
  0x17, 0x67, 0x78, 0xbd, 0x2a, 0xf9, 0x7f, 0xed, 0xcb, 0x72, 0x28, 0xc3,
  0xf3, 0xc2, 0xc9, 0x4e, 0x29, 0xcd, 0x19, 0x27, 0xcf, 0x6c, 0x04, 0xc7,
  0xda, 0x04, 0xf3, 0x29, 0xeb, 0x46, 0xf9, 0x32, 0x63, 0xbd, 0x24, 0x31,
  0xca, 0x0c, 0x81, 0x23, 0x15, 0xf3, 0x21, 0xcb, 0xd7, 0xfa, 0x3d, 0x18,
  0x2d, 0x38, 0xdf, 0x62, 0xd9, 0xdf, 0x04, 0x07, 0xc7, 0x7c, 0x6f, 0x10,
  0xfe, 0x5a, 0xb8, 0xb8, 0x25, 0xdf, 0xd9, 0x78, 0x44, 0xce, 0xc3, 0x25,
  0xb0, 0xaf, 0xcd, 0x71, 0x9b, 0x7f, 0x27, 0x5f, 0x44, 0x46, 0x1a, 0x9d,
  0xf5, 0xab, 0xdf, 0xd4, 0x36, 0x8f, 0x2a, 0x0f, 0xed, 0xff, 0xfd, 0x38,
  0x0a, 0x62, 0xd3, 0xa9, 0x1c, 0xd4, 0x22, 0x20, 0xb3, 0x9e, 0xff, 0x68,
  0xb2, 0x17, 0x4e, 0xbe, 0x92, 0x2b, 0x2e, 0x81, 0x49, 0x3f, 0xb5, 0x20,
  0x48, 0x4c, 0xbe, 0x79, 0xff, 0x77, 0xed, 0xbe, 0x81, 0x72, 0xf2, 0xea,
  0x08, 0x38, 0x5c, 0xb2, 0x2c, 0xa0, 0xf5, 0xa5, 0x48, 0x5e, 0x77, 0xc1,
  0xd9, 0x93, 0xed, 0xfe, 0xb5, 0xa1, 0xdc, 0xb0, 0x79, 0xb3, 0x01, 0x95,
  0x13, 0xd4, 0xfe, 0xec, 0xdb, 0x0f, 0xac, 0x3b, 0x84, 0xd1, 0x50, 0xa1,
  0x4b, 0xd6, 0x45, 0x98, 0x0a, 0xad, 0xe0, 0xa7, 0xfe, 0xfe, 0x4a, 0xc9,
  0xc9, 0xe6, 0x4e, 0x81, 0x0d, 0x2d, 0xc0, 0xea, 0xed, 0x02, 0x51, 0x99,
  0x23, 0x18, 0x29, 0x70, 0x09, 0x45, 0x44, 0x52, 0x96, 0x7f, 0xc4, 0x24,
  0x5d, 0x48, 0xac, 0xa5, 0x59, 0x01, 0x2c, 0xde, 0xb9, 0xde, 0xaf, 0x60,
  0x5c, 0x08, 0x3e, 0x69, 0x8e, 0x32, 0x19, 0xeb, 0x88, 0xa4, 0x44, 0xd1,
  0xa3, 0x7c, 0x04, 0x67, 0x33, 0x48, 0x0b, 0x8b, 0x84, 0x5d, 0xca, 0x7f,
  0xd4, 0xd3, 0xb3, 0x96, 0x93, 0xdc, 0x7f, 0x4d, 0x21, 0xd6, 0x0c, 0xd2,
  0x38, 0xbd, 0xdc, 0xfe, 0xc8, 0x1d, 0xc5, 0x13, 0x28, 0x17, 0x7f, 0xf0,
  0x04, 0xd3, 0xa2, 0xdf, 0x30, 0xdb, 0x13, 0x3b, 0xff, 0xff, 0xe0, 0xe1,
  0x27, 0x14, 0xf4, 0x29, 0x10, 0x41, 0x1e, 0x99, 0xf6, 0x81, 0x17, 0x62,
  0x8e, 0x31, 0x89, 0x7e, 0xf2, 0x86, 0xc8, 0x4d, 0x92, 0x88, 0x03, 0xdf,
  0x4e, 0x7e, 0xce, 0xe3, 0x11, 0xff, 0xba, 0x64, 0x82, 0x4a, 0x00, 0xe4,
  0x5d, 0xcd, 0xe7, 0xbe, 0x1b, 0x1c, 0xab, 0x1f, 0x16, 0x42, 0x36, 0x52,
  0xde, 0xbf, 0x7f, 0x18, 0xfc, 0xad, 0x16, 0x14, 0x0b, 0x48, 0x41, 0x2c,
  0xd4, 0xec, 0x11, 0xcd, 0x15, 0x57, 0xe5, 0x46, 0x30, 0xe9, 0xc5, 0xd7,
  0xe6, 0x37, 0x81, 0x24, 0x0c, 0x88, 0xa2, 0x90, 0x92, 0x5c, 0x3f, 0x44,
  0x97, 0x6e, 0xb3, 0x8a, 0x1a, 0xd3, 0xdb, 0x92, 0xff, 0x34, 0xc8, 0xc7,
  0xd6, 0x09, 0x85, 0x3f, 0xcf, 0xc1, 0x67, 0xf9, 0x7f, 0x04, 0xd8, 0x01,
  0xe5, 0xb6, 0x01, 0x85, 0x02, 0x92, 0xfe, 0x11, 0xa3, 0x49, 0x62, 0x97,
  0x1c, 0xcb, 0x67, 0x4f, 0xb2, 0x3e, 0x40, 0x5a, 0xcc, 0x22, 0xe6, 0x08,
  0x29, 0x3b, 0xdd, 0x3f, 0xd9, 0xe5, 0xce, 0x01, 0xef, 0x06, 0x0a, 0xc0,
  0xc7, 0xcd, 0x7f, 0xf0, 0x31, 0x15, 0xb0, 0x39, 0xd2, 0x17, 0x2d, 0x06,
  0xef, 0xcc, 0xf3, 0x9b, 0xe3, 0x26, 0xee, 0x2d, 0xbb, 0x86, 0x55, 0xa1,
  0xee, 0x6c, 0x57, 0x40, 0xa2, 0x0d, 0xf8, 0x36, 0xa7, 0xdf, 0x10, 0x98,
  0x6e, 0x73, 0x82, 0x20, 0x81, 0xdc, 0x45, 0xb6, 0x57, 0xea, 0x4a, 0xfa,
  0xf9, 0x31, 0x24, 0xf9, 0xd4, 0x04, 0xdd, 0x34, 0x2b, 0x2a, 0x36, 0xe3,
  0xab, 0xd7, 0x0a, 0xf8, 0x26, 0x0c, 0x7f, 0xcc, 0xe7, 0x0f, 0xd6, 0x22,
  0xdc, 0xdf, 0x24, 0xca, 0xe4, 0xed, 0x00, 0x11, 0x40, 0x04, 0xca, 0x3b,
  0xf3, 0x16, 0x3c, 0x22, 0xe2, 0xec, 0x8f, 0xe1, 0xa0, 0x43, 0x2e, 0xa6,
  0xc3, 0x1a, 0xb2, 0x67, 0xff, 0x93, 0xfa, 0xc8, 0x73, 0x1a, 0x18, 0x63,
  0x29, 0x6b, 0x4d, 0xf9, 0x1f, 0xc4, 0x1b, 0x81, 0x4e, 0xdc, 0xff, 0xff,
  0x04, 0x00, 0x00, 0x00, 0x00, 0x01, 0x00, 0x00, 0x32, 0xee, 0xff, 0xff,
  0x74, 0xff, 0xff, 0xff, 0x1c, 0xff, 0xff, 0xff, 0x8b, 0x11, 0x00, 0x00,
  0x06, 0xf8, 0xff, 0xff, 0x82, 0xff, 0xff, 0xff, 0x4a, 0x1a, 0x00, 0x00,
  0x00, 0x00, 0x00, 0x00, 0x27, 0x0d, 0x00, 0x00, 0x31, 0xee, 0xff, 0xff,
  0x00, 0x00, 0x00, 0x00, 0x8b, 0x10, 0x00, 0x00, 0xf8, 0x13, 0x00, 0x00,
  0xf7, 0xfe, 0xff, 0xff, 0xf4, 0x16, 0x00, 0x00, 0x00, 0x00, 0x00, 0x00,
  0xf5, 0xff, 0xff, 0xff, 0x35, 0x0a, 0x00, 0x00, 0x29, 0x06, 0x00, 0x00,
  0x79, 0xef, 0xff, 0xff, 0xe2, 0xf6, 0xff, 0xff, 0x00, 0x15, 0x00, 0x00,
  0x7b, 0x01, 0x00, 0x00, 0x4b, 0xf9, 0xff, 0xff, 0x92, 0xff, 0xff, 0xff,
  0x95, 0x0c, 0x00, 0x00, 0x0c, 0xe4, 0xff, 0xff, 0x9d, 0xff, 0xff, 0xff,
  0x0b, 0xfb, 0xff, 0xff, 0xeb, 0x04, 0x00, 0x00, 0x2b, 0xfa, 0xff, 0xff,
  0x87, 0x02, 0x00, 0x00, 0x01, 0x0d, 0x00, 0x00, 0xbb, 0x00, 0x00, 0x00,
  0xdd, 0xff, 0xff, 0xff, 0x50, 0x12, 0x00, 0x00, 0x00, 0x00, 0x00, 0x00,
  0x64, 0xfa, 0xff, 0xff, 0x81, 0x0e, 0x00, 0x00, 0x5c, 0x0c, 0x00, 0x00,
  0x80, 0x0a, 0x00, 0x00, 0x03, 0x0b, 0x00, 0x00, 0xe6, 0xf2, 0xff, 0xff,
  0x0e, 0x0f, 0x00, 0x00, 0xd5, 0xed, 0xff, 0xff, 0x1a, 0x0e, 0x00, 0x00,
  0xe7, 0x07, 0x00, 0x00, 0x84, 0x03, 0x00, 0x00, 0x18, 0xed, 0xff, 0xff,
  0x07, 0xf9, 0xff, 0xff, 0x2c, 0x0f, 0x00, 0x00, 0x7a, 0x07, 0x00, 0x00,
  0x51, 0x05, 0x00, 0x00, 0xda, 0x14, 0x00, 0x00, 0x67, 0xff, 0xff, 0xff,
  0x7b, 0x14, 0x00, 0x00, 0x00, 0x00, 0x00, 0x00, 0xdb, 0x05, 0x00, 0x00,
  0xb4, 0x11, 0x00, 0x00, 0xd5, 0xff, 0xff, 0xff, 0xc4, 0x13, 0x00, 0x00,
  0x00, 0x00, 0x00, 0x00, 0xd9, 0x13, 0x00, 0x00, 0xae, 0x0c, 0x00, 0x00,
  0x5a, 0xdd, 0xff, 0xff, 0x04, 0x00, 0x00, 0x00, 0x00, 0x20, 0x00, 0x00,
  0x38, 0xd5, 0xdd, 0x38, 0xc5, 0x42, 0x0d, 0xe0, 0x8a, 0x14, 0x20, 0x7f,
  0x1e, 0xe6, 0x20, 0xd2, 0xb0, 0xd0, 0x02, 0x5a, 0x3b, 0x3e, 0x43, 0xf1,
  0xbc, 0xa5, 0x1e, 0x06, 0x13, 0x9f, 0x2f, 0x4c, 0xbc, 0xef, 0x0c, 0xbe,
  0x0b, 0x1a, 0x22, 0xb8, 0xc5, 0x9b, 0xfc, 0x18, 0x19, 0x20, 0xd5, 0xdd,
  0x1a, 0x28, 0x1f, 0xb6, 0xf6, 0x4a, 0x0f, 0xb2, 0x29, 0xbf, 0xf9, 0xb5,
  0x1f, 0x06, 0xe7, 0xf7, 0xfe, 0xbb, 0xd7, 0x5f, 0xdc, 0x2b, 0xf4, 0x19,
  0x9d, 0x40, 0xc0, 0x19, 0x7f, 0x29, 0xc7, 0x42, 0xf8, 0xf5, 0xc5, 0xe9,
  0xc7, 0x20, 0xbe, 0x1d, 0x0a, 0xf0, 0x2f, 0xd4, 0xfe, 0x0c, 0xe9, 0xef,
  0xc1, 0xe2, 0xdc, 0x28, 0x05, 0xc1, 0xa4, 0x23, 0x1c, 0xdf, 0x07, 0x68,
  0x3b, 0x22, 0x06, 0xcb, 0x4d, 0x20, 0x02, 0x11, 0x04, 0x01, 0x1a, 0x88,
  0x26, 0xf6, 0xb3, 0xe2, 0xeb, 0xee, 0xdd, 0xb5, 0xf4, 0x23, 0x06, 0xdf,
  0x4e, 0xf7, 0x81, 0xdb, 0x27, 0x29, 0xed, 0xcc, 0xcb, 0x5c, 0xe4, 0x23,
  0xf0, 0x05, 0x02, 0x4d, 0x64, 0x1a, 0xdb, 0x50, 0x30, 0xe7, 0x2d, 0xa6,
  0xad, 0x05, 0x10, 0xeb, 0xe4, 0x51, 0xf2, 0xb8, 0xd6, 0x55, 0x24, 0xa7,
  0x20, 0xec, 0x48, 0xc7, 0x61, 0x10, 0xb0, 0xff, 0x12, 0xea, 0x44, 0xda,
  0x0d, 0xc6, 0xcc, 0xa2, 0x3c, 0xe0, 0x25, 0xdf, 0x06, 0x27, 0xbf, 0x42,
  0xb0, 0x74, 0x8d, 0x6d, 0x54, 0xea, 0x63, 0xa4, 0x2b, 0x9c, 0x9c, 0x4a,
  0xac, 0xad, 0x97, 0x10, 0x8e, 0x3f, 0xde, 0x32, 0xa5, 0xcc, 0x0e, 0xc7,
  0x2d, 0x0e, 0xd2, 0xce, 0xaf, 0x81, 0x1e, 0x65, 0xe2, 0xae, 0x46, 0x5c,
  0x8b, 0x10, 0xd0, 0xae, 0x00, 0x44, 0xc0, 0xa1, 0x23, 0x61, 0xd7, 0xc6,
  0xae, 0xe7, 0xd6, 0xd9, 0x44, 0x40, 0xae, 0x16, 0x20, 0xc5, 0x6d, 0x19,
  0x92, 0x5a, 0x67, 0xae, 0xf1, 0x32, 0x10, 0x2e, 0xcf, 0x3b, 0x25, 0xcd,
  0xcf, 0xf6, 0xf6, 0x18, 0x7f, 0xdd, 0xaa, 0xbb, 0xe5, 0xf0, 0x37, 0x36,
  0x40, 0x32, 0xec, 0xbd, 0x1d, 0xf7, 0x65, 0xe0, 0x45, 0xcb, 0x14, 0x3f,
  0x8e, 0x2c, 0xf3, 0xe8, 0xd8, 0xf5, 0x09, 0x0c, 0xef, 0xb7, 0x27, 0xfe,
  0x10, 0x61, 0x49, 0xfa, 0x5f, 0x37, 0xb3, 0xf3, 0xf8, 0x3e, 0x46, 0xfe,
  0xcf, 0xed, 0xf4, 0x31, 0xf1, 0xd0, 0xc3, 0x9d, 0x56, 0x5e, 0xfc, 0x81,
  0xa9, 0x32, 0x08, 0x68, 0xf5, 0xb4, 0xc6, 0xe2, 0x28, 0x2c, 0x13, 0x97,
  0xcb, 0x63, 0xf1, 0x26, 0xd1, 0xbf, 0xce, 0x61, 0x46, 0xc8, 0x4a, 0xad,
  0xc9, 0xe7, 0xda, 0xb5, 0xe2, 0x3d, 0xf1, 0x30, 0x9e, 0x04, 0xa6, 0x10,
  0x66, 0x2c, 0xc5, 0xc3, 0x81, 0xef, 0xa0, 0xd6, 0xd3, 0xbe, 0xd1, 0xf4,
  0xeb, 0x0a, 0xab, 0x48, 0x2d, 0x47, 0xf7, 0x5f, 0xcf, 0xa4, 0x5f, 0xd3,
  0x9a, 0x71, 0x20, 0x94, 0x8e, 0x6b, 0x61, 0x99, 0x16, 0x93, 0x33, 0xd1,
  0x63, 0x9a, 0x58, 0xb9, 0x04, 0xdc, 0xff, 0x5c, 0x77, 0xc0, 0xf2, 0xb9,
  0x25, 0xbe, 0x12, 0x84, 0x73, 0x38, 0xe0, 0xac, 0xef, 0x71, 0xb4, 0x58,
  0xeb, 0x76, 0x52, 0x98, 0xfb, 0xdd, 0xf8, 0x3f, 0x91, 0xa6, 0x10, 0xf8,
  0xbf, 0x23, 0x6c, 0x07, 0xf2, 0xbc, 0xa1, 0xb9, 0x1e, 0xa6, 0x81, 0xf8,
  0x52, 0xf6, 0x94, 0xca, 0xf5, 0x3e, 0xd8, 0x28, 0x1e, 0xe2, 0x29, 0xfa,
  0x9f, 0xb8, 0x15, 0x7f, 0x44, 0xe6, 0x3b, 0x30, 0x0a, 0xa1, 0x38, 0x1b,
  0xdd, 0xfa, 0xe3, 0xd2, 0x1c, 0xc8, 0xa5, 0xfe, 0xd7, 0xc5, 0xf0, 0x42,
  0x91, 0x1d, 0x1e, 0x40, 0x17, 0x0c, 0xed, 0xb7, 0x1a, 0xbb, 0xe1, 0x6a,
  0xdf, 0x14, 0xe5, 0xac, 0x05, 0x30, 0xee, 0x28, 0xb2, 0xe3, 0xc6, 0xfa,
  0x1c, 0xd9, 0xc2, 0xf3, 0x46, 0xd3, 0x32, 0xaf, 0x9b, 0xe5, 0xe4, 0xee,
  0x9b, 0xe6, 0x8e, 0x10, 0x00, 0xc4, 0xb0, 0x46, 0xb2, 0xf1, 0x14, 0x8e,
  0x73, 0xdb, 0xcb, 0x0c, 0xb6, 0x24, 0x9c, 0x03, 0x35, 0x15, 0xd1, 0xad,
  0x7f, 0x0f, 0xd8, 0x1e, 0x6b, 0xde, 0x5a, 0xf8, 0x50, 0xc4, 0xde, 0xf1,
  0xa2, 0xb6, 0xb3, 0xb3, 0xfd, 0x22, 0xc9, 0xed, 0xe8, 0xea, 0x47, 0xc9,
  0x1a, 0x10, 0x8a, 0x60, 0xd0, 0x5d, 0xf6, 0x01, 0x40, 0xc0, 0xc3, 0xa0,
  0xc4, 0xd7, 0x22, 0x7f, 0x36, 0x04, 0x0e, 0xc1, 0xcc, 0xd8, 0xd0, 0x18,
  0x3c, 0x44, 0x40, 0xfb, 0xf6, 0xdd, 0xb6, 0xb8, 0xf5, 0x62, 0x35, 0x26,
  0x3a, 0xc0, 0xc7, 0x13, 0xbd, 0x05, 0x0a, 0xf3, 0x08, 0x32, 0xcf, 0x1f,
  0xef, 0xfc, 0xbb, 0xeb, 0x09, 0x11, 0x17, 0x24, 0x0c, 0xf2, 0xfb, 0xb5,
  0x11, 0xbe, 0x28, 0x22, 0xb5, 0xfc, 0x1b, 0x37, 0x3d, 0x03, 0xb9, 0xbf,
  0xcd, 0xbe, 0xfb, 0xe6, 0xd0, 0x5e, 0xb9, 0xb1, 0x67, 0x40, 0x8b, 0xf9,
  0x8f, 0xa2, 0x33, 0xa9, 0xa7, 0x5a, 0x15, 0xdf, 0xf6, 0xa3, 0xef, 0x48,
  0xcb, 0x6f, 0x1d, 0x03, 0x37, 0xcf, 0xce, 0xa0, 0xcf, 0x43, 0xef, 0xac,
  0x11, 0xdd, 0x65, 0x20, 0xa2, 0x1f, 0x4f, 0x53, 0xfa, 0x76, 0xe2, 0xc4,
  0x00, 0x07, 0x98, 0xc6, 0xdc, 0x16, 0x9d, 0x75, 0x81, 0xfb, 0x57, 0x12,
  0x27, 0x94, 0x2b, 0x23, 0x43, 0xa7, 0x0e, 0x08, 0x12, 0x08, 0x22, 0xd8,
  0x08, 0x07, 0xac, 0xd7, 0x13, 0x36, 0x21, 0x0c, 0xdb, 0x2f, 0xc3, 0xe1,
  0xf8, 0x22, 0x20, 0x19, 0x0b, 0xfd, 0x0f, 0x05, 0x12, 0x2e, 0x44, 0x14,
  0x03, 0xe7, 0xdf, 0xd7, 0x29, 0xfd, 0x09, 0xbc, 0x05, 0xfa, 0x04, 0x24,
  0x05, 0x25, 0x28, 0xf8, 0xe4, 0xf5, 0xf5, 0x22, 0x4e, 0x14, 0xe6, 0xe4,
  0x31, 0x1a, 0xf0, 0x81, 0x14, 0xdc, 0x07, 0x04, 0xc6, 0xd9, 0x24, 0xfe,
  0xec, 0xe1, 0xcc, 0xb0, 0x06, 0x24, 0x47, 0x11, 0x2b, 0x0f, 0x21, 0x81,
  0xab, 0x32, 0x62, 0x0f, 0x36, 0xf1, 0x24, 0x14, 0x12, 0x9b, 0x06, 0xc5,
  0xd5, 0xd0, 0xcd, 0xd1, 0x2c, 0x18, 0x10, 0x3c, 0xda, 0x18, 0xf4, 0xea,
  0x35, 0xed, 0x2b, 0x03, 0x22, 0xd9, 0xcc, 0x95, 0x0e, 0x98, 0x22, 0x17,
  0x0e, 0x20, 0x04, 0x3c, 0x3c, 0xcd, 0x21, 0x1d, 0x12, 0xdf, 0xf4, 0x22,
  0x47, 0x25, 0xdd, 0xec, 0x54, 0x48, 0xa4, 0xd8, 0xb1, 0x3e, 0xef, 0xc1,
  0x2c, 0xa4, 0x5b, 0x41, 0x24, 0xf3, 0x4f, 0x60, 0x7c, 0x4b, 0x15, 0xf2,
  0x3c, 0x30, 0x09, 0xd1, 0x62, 0x30, 0xf7, 0x1d, 0x39, 0x7e, 0x3e, 0xf0,
  0x1d, 0x51, 0xfa, 0xc2, 0xc9, 0xc7, 0x6d, 0x4e, 0xd0, 0x60, 0x40, 0x72,
  0x8d, 0x4d, 0xd2, 0x7f, 0x25, 0x29, 0x16, 0xcd, 0x1b, 0xa7, 0x21, 0x09,
  0x23, 0x53, 0xdc, 0x36, 0x24, 0xa0, 0x28, 0x76, 0x0d, 0x08, 0x0b, 0xcf,
  0x1a, 0x3d, 0xfe, 0xc7, 0xe9, 0xe6, 0xe6, 0xfc, 0xa6, 0x09, 0x20, 0x19,
  0xfc, 0xc0, 0x40, 0xc9, 0x30, 0x03, 0xfa, 0x1d, 0x41, 0xc0, 0xf3, 0xf8,
  0xca, 0x12, 0xf9, 0x1d, 0x30, 0x3c, 0x01, 0x40, 0xd2, 0x10, 0x05, 0x1f,
  0x1d, 0x18, 0xce, 0x81, 0xe8, 0xb9, 0x1d, 0x1d, 0x1e, 0x22, 0x33, 0x2b,
  0xf6, 0xc1, 0xf7, 0x41, 0x30, 0x2e, 0x33, 0xf2, 0x2d, 0xdf, 0xe2, 0x21,
  0xc8, 0x1b, 0xb4, 0x62, 0xb5, 0x68, 0xd6, 0x0a, 0x8c, 0xfb, 0x74, 0xe0,
  0x99, 0xf6, 0x14, 0x1f, 0x64, 0x00, 0xa8, 0x1f, 0x24, 0xd6, 0x2f, 0x57,
  0x07, 0x68, 0x2f, 0xf9, 0xf2, 0xfa, 0xa7, 0x08, 0x95, 0x45, 0xd7, 0xe9,
  0xa2, 0x76, 0xa9, 0x45, 0xe8, 0x94, 0x86, 0xa4, 0x5b, 0x05, 0x91, 0xf0,
  0xc9, 0xf8, 0x04, 0xa1, 0x7f, 0x4c, 0x27, 0x27, 0xb6, 0x28, 0xf9, 0xd1,
  0x46, 0xfe, 0x8c, 0xbe, 0xf6, 0xd4, 0xf6, 0x87, 0x02, 0xff, 0xce, 0xc1,
  0x02, 0x38, 0x19, 0xf0, 0xd4, 0x58, 0xc6, 0x86, 0x3f, 0xb0, 0x16, 0x52,
  0x70, 0x5e, 0x00, 0xdc, 0x47, 0x17, 0x29, 0x05, 0x0e, 0x1d, 0xc2, 0x36,
  0xd0, 0x13, 0x3a, 0xf5, 0xe9, 0x45, 0xef, 0xe5, 0xc4, 0xfa, 0x30, 0x81,
  0x95, 0x12, 0x26, 0x39, 0xd0, 0x3b, 0xc2, 0x06, 0xe1, 0xee, 0xaf, 0x76,
  0x32, 0x87, 0x7e, 0xdb, 0x78, 0x62, 0xd8, 0x17, 0x10, 0x4b, 0x74, 0x5a,
  0x85, 0x37, 0xa2, 0xcd, 0x39, 0xda, 0xa1, 0xee, 0x0a, 0xfd, 0x85, 0xa9,
  0x61, 0x48, 0xc1, 0x64, 0x16, 0x97, 0x15, 0xab, 0xed, 0x1a, 0xfc, 0xee,
  0x74, 0x64, 0x9c, 0xc7, 0x23, 0x48, 0x66, 0x8b, 0x66, 0xa6, 0x4f, 0xc6,
  0x25, 0x0b, 0x0b, 0x2f, 0xb0, 0xe8, 0xd7, 0x7c, 0xd5, 0x7f, 0xf7, 0x38,
  0xc1, 0x2e, 0x5b, 0xc9, 0xc9, 0xbc, 0xec, 0xc0, 0x27, 0x32, 0xfd, 0x0a,
  0xdf, 0x1d, 0x8c, 0x7f, 0xef, 0xda, 0xca, 0x7d, 0x8c, 0x79, 0x01, 0x2f,
  0xdc, 0x2f, 0x45, 0x84, 0x08, 0x0c, 0x3a, 0xd7, 0xe7, 0x11, 0xcb, 0x9b,
  0xee, 0x45, 0xab, 0x7a, 0x07, 0xf3, 0x0e, 0x16, 0x15, 0xdb, 0xf6, 0x98,
  0xda, 0x5c, 0x81, 0xf8, 0xc9, 0xac, 0xac, 0x15, 0xc3, 0x2a, 0xcc, 0x70,
  0x0b, 0xc3, 0xf1, 0xa7, 0x82, 0x76, 0xdf, 0x94, 0xf1, 0x36, 0x0b, 0x06,
  0x37, 0xf4, 0xb1, 0x2d, 0xfc, 0x24, 0xee, 0xb3, 0x41, 0xf9, 0x5f, 0xec,
  0xe1, 0xd7, 0x1b, 0xbd, 0xa9, 0xf3, 0x0b, 0xd1, 0x36, 0x36, 0xf6, 0x02,
  0x04, 0xf4, 0xd2, 0x2e, 0x30, 0x11, 0x20, 0xe4, 0x35, 0x49, 0xed, 0xdc,
  0x38, 0x07, 0x3d, 0xd0, 0x14, 0x23, 0xf3, 0x00, 0x25, 0x0c, 0xba, 0x89,
  0x16, 0xfe, 0x0d, 0x24, 0xfc, 0x45, 0xed, 0x46, 0xd7, 0x0f, 0x48, 0x7f,
  0x19, 0x35, 0xc9, 0x11, 0xdf, 0x22, 0x20, 0xf2, 0xf0, 0xe9, 0x58, 0x20,
  0xe1, 0xc7, 0x42, 0xb8, 0xbf, 0xe3, 0xbc, 0x82, 0xe1, 0x96, 0x09, 0x62,
  0xb0, 0x19, 0xe6, 0x3b, 0x81, 0xe1, 0xcf, 0xd0, 0xf3, 0x87, 0x10, 0xec,
  0x6d, 0xfd, 0xa2, 0xf3, 0xe8, 0x62, 0xa4, 0x87, 0xe6, 0x18, 0x52, 0x52,
  0xf4, 0x25, 0xb8, 0x8d, 0xa6, 0x98, 0x84, 0x1e, 0x5d, 0xf8, 0xeb, 0x32,
  0x37, 0x9b, 0x0f, 0x03, 0x2e, 0xae, 0x4e, 0x47, 0xad, 0x91, 0xed, 0x4a,
  0x5f, 0x2d, 0xdd, 0x06, 0x59, 0xd2, 0x4c, 0xea, 0x43, 0xef, 0x38, 0xd3,
  0xa2, 0xaf, 0x11, 0x40, 0xb6, 0xf7, 0xb6, 0x44, 0xcb, 0x81, 0xf1, 0xd0,
  0x2e, 0x3d, 0x0f, 0x55, 0x4c, 0x58, 0x02, 0xca, 0x2e, 0xd3, 0x24, 0x52,
  0xa1, 0x32, 0x00, 0xd2, 0xf3, 0x2b, 0xf5, 0xb2, 0x2b, 0x92, 0x42, 0xf2,
  0x92, 0x61, 0xb3, 0xbd, 0xef, 0x37, 0x17, 0x50, 0xd5, 0x69, 0xd6, 0x45,
  0x32, 0x3d, 0xbb, 0x06, 0xc1, 0x25, 0x2b, 0xe9, 0x35, 0xe5, 0x2a, 0xf9,
  0xf6, 0xd5, 0xe4, 0x2d, 0xff, 0x11, 0x03, 0x40, 0xa3, 0xbe, 0x2e, 0x60,
  0xec, 0x2d, 0x55, 0x09, 0x2c, 0xa5, 0xe1, 0xaa, 0xf5, 0x81, 0x47, 0x41,
  0xcc, 0xe0, 0x33, 0x26, 0xa8, 0xe6, 0xd5, 0x9f, 0x17, 0xbd, 0x5b, 0x1e,
  0x20, 0x78, 0xd6, 0xfe, 0x2f, 0xb2, 0xf0, 0xd3, 0xaf, 0x1d, 0x0d, 0xed,
  0x50, 0xe0, 0xde, 0x20, 0xc2, 0x0e, 0x33, 0x2c, 0xbd, 0xd4, 0xce, 0x1f,
  0xd5, 0x4a, 0x48, 0x8f, 0x8f, 0xe4, 0x36, 0x0a, 0xaf, 0x45, 0xf4, 0x9c,
  0x64, 0xe3, 0x60, 0x1c, 0x12, 0x6d, 0x4d, 0xdc, 0x02, 0x88, 0xae, 0xb0,
  0x85, 0x55, 0xc0, 0x8e, 0x1c, 0x40, 0x8d, 0x9b, 0x9a, 0x52, 0xd4, 0x47,
  0x03, 0x02, 0x73, 0xad, 0x4b, 0x4c, 0x3c, 0xb0, 0x24, 0xec, 0x81, 0xd0,
  0xf1, 0x90, 0x63, 0xa6, 0x9b, 0xbc, 0x6a, 0xcb, 0x6b, 0x73, 0xb3, 0x4b,
  0xc7, 0xf7, 0x15, 0xa4, 0xf8, 0x2b, 0x55, 0xfc, 0xc9, 0xeb, 0xde, 0xc1,
  0xfa, 0xfa, 0x28, 0x3e, 0xd1, 0x10, 0x39, 0xf8, 0xe7, 0xbd, 0xe6, 0x32,
  0x0a, 0x38, 0x14, 0xdf, 0xf4, 0x37, 0xe3, 0x3d, 0x4a, 0xf8, 0xf3, 0x00,
  0x1d, 0x30, 0x25, 0x41, 0x34, 0xd5, 0xee, 0x81, 0x16, 0xa2, 0xb5, 0xc8,
  0xcc, 0x34, 0x25, 0x14, 0x38, 0xe8, 0xd6, 0x4b, 0x30, 0x0c, 0x39, 0x08,
  0x4a, 0x42, 0x2c, 0x1a, 0x33, 0xf8, 0xf1, 0x81, 0x4e, 0xdf, 0x16, 0xe0,
  0xb2, 0x2f, 0x38, 0xd4, 0xd9, 0x38, 0x57, 0xf6, 0xf2, 0x36, 0x06, 0xcc,
  0xe2, 0x11, 0x47, 0x40, 0xfb, 0x2f, 0x04, 0xd4, 0x18, 0xb9, 0x38, 0x02,
  0xe7, 0xc9, 0x26, 0x37, 0xde, 0xd9, 0x36, 0xc9, 0xf4, 0x3e, 0x09, 0xdb,
  0x2e, 0xd0, 0xba, 0xfd, 0x2c, 0xe4, 0x00, 0xd6, 0xe0, 0x28, 0x04, 0x07,
  0x28, 0x30, 0x50, 0xd7, 0xee, 0x23, 0xe9, 0x3a, 0x19, 0xf0, 0x12, 0xdb,
  0x1a, 0xda, 0xcd, 0xf0, 0xf0, 0x1c, 0x17, 0xd4, 0xe9, 0x0a, 0xf5, 0xdd,
  0x11, 0x22, 0x1e, 0xf8, 0xf5, 0x0a, 0x01, 0x23, 0xdd, 0xf6, 0x40, 0xed,
  0xfc, 0xe9, 0xf5, 0x1b, 0x11, 0x26, 0x25, 0xcf, 0x05, 0x23, 0x0d, 0xd7,
  0x06, 0x2a, 0x15, 0xe7, 0x0a, 0xed, 0xe1, 0x26, 0x15, 0x29, 0xe6, 0xf1,
  0x28, 0xe8, 0xe7, 0x81, 0xd8, 0xde, 0x12, 0xe1, 0xd8, 0xf2, 0xf7, 0x0b,
  0x00, 0xf7, 0xfa, 0xc9, 0xb0, 0x2e, 0xee, 0xff, 0x3e, 0xc6, 0x49, 0xcf,
  0xf0, 0xda, 0xe8, 0xbb, 0x1a, 0x2a, 0x48, 0xb3, 0x1d, 0x16, 0x63, 0xac,
  0xfc, 0x52, 0xc4, 0xf5, 0xd4, 0x5c, 0xf6, 0xaf, 0x11, 0x34, 0xb5, 0xdd,
  0xbc, 0xb4, 0x44, 0x38, 0xb6, 0x3d, 0x4e, 0x0d, 0xad, 0x3e, 0x26, 0x27,
  0xd0, 0x09, 0x0d, 0x9a, 0x3e, 0x4f, 0x00, 0xf6, 0x39, 0xbd, 0x77, 0xe4,
  0x5f, 0xc7, 0x5a, 0x7f, 0x60, 0x8f, 0x10, 0x48, 0x61, 0x87, 0x05, 0xb8,
  0x05, 0x86, 0xc8, 0xd7, 0xaf, 0x03, 0x1a, 0x8c, 0x2e, 0x35, 0xe8, 0x0d,
  0xd5, 0x8d, 0x39, 0xae, 0xc3, 0xb4, 0x09, 0x40, 0x16, 0xa9, 0x72, 0x06,
  0x19, 0x72, 0x6d, 0xd1, 0xc6, 0xe1, 0x87, 0xe5, 0x11, 0x2b, 0x81, 0xa3,
  0x04, 0xbe, 0x13, 0x4f, 0xeb, 0x86, 0x77, 0xdd, 0x1b, 0x10, 0xd2, 0xb0,
  0x36, 0x89, 0x8a, 0xd8, 0x4b, 0x9a, 0x1b, 0x02, 0xb7, 0x1f, 0xaa, 0xe1,
  0x66, 0x00, 0x10, 0x33, 0x29, 0x94, 0xef, 0x44, 0xa1, 0x4c, 0x50, 0x25,
  0x73, 0xf6, 0x5f, 0x6c, 0x07, 0xf2, 0x44, 0xc8, 0xb8, 0x57, 0x01, 0x74,
  0x1f, 0x3e, 0x99, 0x86, 0x89, 0x99, 0xc2, 0x0f, 0xe1, 0x92, 0x83, 0x0f,
  0x79, 0x33, 0xef, 0xfe, 0x97, 0x98, 0xa0, 0x3d, 0xbb, 0xfc, 0xcc, 0xa9,
  0x8c, 0xe2, 0xc6, 0x01, 0xfa, 0xdd, 0x81, 0xc2, 0xff, 0x9a, 0x65, 0xbc,
  0x48, 0xb7, 0x73, 0x52, 0x01, 0xd7, 0x97, 0xe0, 0x11, 0xd0, 0xf5, 0xfe,
  0x3d, 0xac, 0x37, 0x4f, 0x51, 0x0d, 0x89, 0x00, 0x9d, 0xdc, 0x6c, 0x7c,
  0x97, 0xf1, 0xf9, 0xa9, 0xc4, 0x7d, 0x5c, 0xf5, 0x5b, 0x14, 0x68, 0x95,
  0x02, 0xaa, 0x81, 0x2b, 0x01, 0xcd, 0x8f, 0x11, 0x60, 0x8a, 0xdd, 0x27,
  0x57, 0x08, 0x50, 0xe4, 0x54, 0xde, 0xda, 0x07, 0xc9, 0xab, 0xc7, 0xf9,
  0x4a, 0xb1, 0xb1, 0x2f, 0x17, 0x31, 0x44, 0xc2, 0xac, 0xf0, 0x48, 0xe2,
  0x0f, 0x21, 0x2b, 0x60, 0x45, 0xd1, 0xe7, 0xaf, 0x2d, 0x5d, 0xd6, 0x10,
  0x0e, 0xe2, 0x01, 0xde, 0xda, 0x28, 0xc7, 0xd4, 0x4b, 0x7f, 0xeb, 0x3a,
  0x35, 0x28, 0xcb, 0x3f, 0xae, 0x23, 0x71, 0xe3, 0x98, 0x3b, 0xf8, 0x09,
  0xa2, 0xd2, 0xeb, 0xd7, 0xdc, 0x9c, 0xd2, 0x2a, 0x5c, 0x2e, 0xc8, 0x5c,
  0xff, 0x17, 0x16, 0xf2, 0xfa, 0xbd, 0x05, 0x72, 0xac, 0xe9, 0x44, 0x3f,
  0xd4, 0x20, 0x4e, 0xf4, 0x7f, 0x1c, 0x21, 0xea, 0x48, 0xb9, 0xfd, 0xc9,
  0x0e, 0x34, 0x3e, 0xe3, 0xcd, 0x68, 0xf4, 0xb3, 0x12, 0x2b, 0x3c, 0xd5,
  0x2c, 0xf6, 0x33, 0xbf, 0x40, 0x14, 0xea, 0x16, 0x0d, 0x0d, 0x08, 0x09,
  0xac, 0xd8, 0xd7, 0x4d, 0xbb, 0xcb, 0x12, 0x68, 0x12, 0x14, 0x15, 0x27,
  0x1c, 0x12, 0xce, 0x24, 0xf2, 0xa6, 0x26, 0x4d, 0xf6, 0xbe, 0x47, 0x63,
  0x0c, 0xf3, 0xe5, 0xbe, 0xa2, 0xb5, 0xa2, 0x2f, 0xa6, 0x3b, 0x3e, 0x5c,
  0xe0, 0xea, 0xf9, 0x36, 0xa0, 0xba, 0xf9, 0xe4, 0xa4, 0x7f, 0xc4, 0xb2,
  0x41, 0xf8, 0xb8, 0x10, 0x7b, 0xeb, 0x16, 0x43, 0x62, 0x45, 0xea, 0x50,
  0x31, 0x73, 0x7f, 0xe7, 0xd5, 0x12, 0x48, 0xc6, 0x24, 0x38, 0x3d, 0x5b,
  0x9b, 0x5d, 0xb3, 0xba, 0xd4, 0xd9, 0x9b, 0x50, 0xc0, 0x46, 0x5f, 0xdf,
  0xb2, 0xd4, 0x2b, 0x67, 0x48, 0x1c, 0xed, 0x79, 0x30, 0xd2, 0xe9, 0xde,
  0xf7, 0x44, 0x0a, 0x4c, 0x70, 0xe1, 0xa7, 0xd6, 0x1c, 0xab, 0xd4, 0x23,
  0xe6, 0xf5, 0x3d, 0x0c, 0xf5, 0xdc, 0x2a, 0x3a, 0x03, 0xb4, 0x19, 0x11,
  0xf9, 0xc1, 0x45, 0x09, 0xc6, 0xfb, 0xec, 0xe6, 0xc2, 0xa7, 0x16, 0x7f,
  0x3c, 0x74, 0xe9, 0xde, 0xe6, 0xee, 0xdd, 0xc1, 0x27, 0x0d, 0x3f, 0xb9,
  0xfc, 0xf4, 0xae, 0x42, 0xd3, 0x21, 0xeb, 0xf4, 0x30, 0x1b, 0x16, 0xd7,
  0xcf, 0x1d, 0xb6, 0xec, 0xbb, 0x3d, 0x30, 0xd6, 0x02, 0x17, 0xbc, 0xeb,
  0xf3, 0xd6, 0xf6, 0xfc, 0xfb, 0xbc, 0xf0, 0x44, 0x26, 0xe1, 0x2e, 0x37,
  0x0e, 0x2b, 0xeb, 0xde, 0x37, 0xb8, 0x2d, 0xc7, 0xe0, 0x19, 0x3f, 0x45,
  0x35, 0xd8, 0x2b, 0x3a, 0x38, 0xbc, 0xd0, 0xfa, 0x60, 0x0b, 0xe0, 0xe9,
  0x1e, 0xf1, 0x0c, 0x81, 0xf8, 0xc8, 0xf7, 0xed, 0xf6, 0x1a, 0xbe, 0xb8,
  0x35, 0xff, 0x20, 0xc1, 0x4c, 0x19, 0xc6, 0x35, 0xec, 0x60, 0xdd, 0x91,
  0xc6, 0x73, 0x90, 0x57, 0x44, 0xc9, 0x25, 0x99, 0x8f, 0x77, 0xaf, 0x47,
  0x5b, 0x09, 0x38, 0x36, 0x81, 0xae, 0xe2, 0xa2, 0x05, 0x3d, 0x79, 0x10,
  0xc3, 0x12, 0x1e, 0xed, 0xf7, 0x14, 0x19, 0x19, 0x85, 0xa8, 0x23, 0x1f,
  0x0a, 0xff, 0xc8, 0xc1, 0x05, 0xf6, 0xd6, 0x96, 0xa2, 0x09, 0x6d, 0xa3,
  0xf6, 0x70, 0x31, 0x8e, 0x12, 0x14, 0xd7, 0xa4, 0x1d, 0xba, 0x02, 0x04,
  0x39, 0x15, 0x10, 0xb5, 0xd1, 0x08, 0x15, 0xc3, 0xe9, 0x10, 0xfd, 0xd2,
  0xe3, 0xfc, 0x0a, 0xc2, 0xef, 0xee, 0xa3, 0xc0, 0xf4, 0xbd, 0x0d, 0xfd,
  0xe5, 0x08, 0xee, 0x5b, 0x07, 0xd8, 0xf9, 0x2d, 0x18, 0xd0, 0xf8, 0x81,
  0x09, 0x8e, 0x18, 0xf4, 0xa3, 0x18, 0xcf, 0x39, 0x08, 0x13, 0xe4, 0x18,
  0x19, 0xf2, 0xde, 0xf3, 0x18, 0xd7, 0xfd, 0xee, 0xcb, 0x22, 0x8d, 0xb8,
  0x30, 0xe7, 0xe2, 0xd5, 0x67, 0x05, 0xda, 0x56, 0xdb, 0x48, 0xcf, 0xd1,
  0x41, 0x52, 0x3c, 0x2c, 0x88, 0xe5, 0xd0, 0x7f, 0x3b, 0x83, 0xbe, 0x5f,
  0xcc, 0xb2, 0x52, 0x2e, 0xc2, 0xc8, 0x3b, 0x2d, 0x88, 0x48, 0x85, 0x66,
  0xac, 0xaf, 0xca, 0x2a, 0x89, 0x5c, 0x74, 0x95, 0x4f, 0xf5, 0x52, 0x9c,
  0x0d, 0xee, 0x84, 0x3e, 0x61, 0x61, 0x71, 0x88, 0x8a, 0x00, 0xec, 0x97,
  0xc0, 0xf9, 0x2e, 0x84, 0x0f, 0x27, 0xde, 0x26, 0x64, 0xef, 0x41, 0x42,
  0xb2, 0x9b, 0x5e, 0x8e, 0x01, 0xb8, 0x9f, 0xf6, 0xe4, 0x49, 0xd9, 0x16,
  0xc8, 0x81, 0x1c, 0x4a, 0x1d, 0x25, 0x2d, 0xa5, 0x08, 0x36, 0x26, 0xe4,
  0xb7, 0x29, 0x22, 0xa3, 0x01, 0xc8, 0xec, 0xec, 0x18, 0x87, 0x8c, 0x32,
  0xcd, 0x21, 0x03, 0xc2, 0x46, 0x44, 0xa6, 0x3e, 0xf7, 0x58, 0x19, 0xf7,
  0x40, 0xeb, 0xeb, 0xd0, 0x0f, 0x45, 0x4c, 0x12, 0x07, 0x3b, 0xf3, 0xe7,
  0xd1, 0x2e, 0xfd, 0x08, 0x1e, 0xcc, 0xfb, 0x20, 0xcb, 0xe2, 0x4d, 0x56,
  0xde, 0x5e, 0xe0, 0xe1, 0xdf, 0x95, 0x6f, 0xc2, 0xed, 0xc1, 0x12, 0x16,
  0x9d, 0xca, 0x3e, 0x99, 0xb6, 0x06, 0x1a, 0xca, 0x02, 0x24, 0x30, 0x38,
  0x1b, 0x7f, 0xd6, 0xdd, 0x5e, 0xc2, 0xf1, 0xeb, 0xc5, 0x10, 0xd5, 0xe9,
  0xc4, 0x2b, 0xb5, 0x1d, 0xdc, 0xe0, 0xf3, 0x11, 0x79, 0xe1, 0x3a, 0xbd,
  0x6a, 0xd3, 0xff, 0x67, 0x2d, 0xc1, 0xd9, 0xed, 0xae, 0xd6, 0x7e, 0x3b,
  0x3f, 0xca, 0x0c, 0x2e, 0xc6, 0x8d, 0xc7, 0x46, 0xfb, 0x72, 0x89, 0x86,
  0x9f, 0x0d, 0x13, 0x3d, 0xbb, 0x6a, 0xf9, 0x2d, 0x0c, 0x08, 0x9e, 0xe5,
  0x07, 0x40, 0x90, 0x17, 0x81, 0xb4, 0x2a, 0x32, 0x15, 0xe5, 0x50, 0x8b,
  0xbb, 0x48, 0x70, 0xe8, 0x14, 0xf3, 0x56, 0x9b, 0x56, 0x3a, 0xb0, 0x14,
  0xa5, 0x02, 0x99, 0x70, 0x60, 0x09, 0x41, 0x7e, 0xa1, 0xc9, 0x2d, 0xc1,
  0xb0, 0x04, 0xff, 0x0b, 0x07, 0xe8, 0x59, 0xfa, 0x58, 0xf1, 0xac, 0xe4,
  0x22, 0x87, 0x55, 0x95, 0xf7, 0x71, 0xf2, 0x13, 0x56, 0x9d, 0x48, 0xfa,
  0xbd, 0x12, 0x81, 0x7f, 0xc8, 0xa5, 0x13, 0xdd, 0xa4, 0xda, 0xbd, 0x0c,
  0xe2, 0x4e, 0xa3, 0x65, 0x01, 0x2e, 0xbd, 0xc4, 0xc2, 0xc9, 0x4f, 0xfc,
  0xf3, 0x28, 0xe7, 0xb4, 0x9f, 0x50, 0x59, 0xe1, 0x29, 0x6a, 0x0c, 0x4d,
  0x55, 0xf1, 0xfc, 0xc8, 0x56, 0x9c, 0xde, 0xf6, 0xa6, 0x81, 0xc9, 0xe5,
  0xff, 0x14, 0x58, 0x44, 0xfe, 0xf4, 0x6f, 0xd6, 0xa2, 0xdf, 0x34, 0xfd,
  0x4b, 0xf6, 0x7d, 0x5a, 0x86, 0x60, 0xd3, 0x87, 0xf8, 0x88, 0xfb, 0xe7,
  0x8b, 0x73, 0x12, 0xf9, 0x2d, 0xfd, 0xe0, 0xca, 0xd6, 0x3c, 0x31, 0xba,
  0x3b, 0x01, 0xad, 0x03, 0xa5, 0x5d, 0xb2, 0x17, 0x14, 0xbf, 0x41, 0x7f,
  0x0f, 0x2b, 0x48, 0xf6, 0xcd, 0xed, 0xc0, 0x56, 0x67, 0x39, 0x42, 0xd4,
  0x12, 0x19, 0x09, 0xd5, 0xe6, 0xfd, 0x30, 0xea, 0x15, 0x00, 0xa0, 0x3f,
  0x21, 0xf4, 0xe9, 0xe8, 0x9e, 0x36, 0xc2, 0x42, 0x25, 0xa9, 0x20, 0x08,
  0xfa, 0xf1, 0xba, 0x36, 0xee, 0x42, 0xed, 0xc5, 0x1e, 0x2d, 0x03, 0x1d,
  0x0e, 0xcf, 0xfd, 0x0e, 0x18, 0x16, 0x03, 0x3e, 0x1d, 0x36, 0x2a, 0xfe,
  0xf2, 0x37, 0xe5, 0xd1, 0x1b, 0xbb, 0x5f, 0xf8, 0xc8, 0xb4, 0x2f, 0xaa,
  0xf4, 0x71, 0x0c, 0xdd, 0x13, 0x54, 0xd1, 0xc0, 0xc1, 0x9f, 0xa6, 0x55,
  0x9e, 0x6e, 0xfe, 0x9e, 0x8c, 0x40, 0x49, 0x0a, 0x22, 0x1d, 0x7f, 0xa0,
  0x0c, 0xd5, 0x41, 0xab, 0xd7, 0x69, 0x32, 0x17, 0xbb, 0x52, 0xf7, 0x4d,
  0x24, 0xb8, 0x09, 0x33, 0x9f, 0x3e, 0xfa, 0xf8, 0xc1, 0xe1, 0xbf, 0x52,
  0x11, 0xa3, 0xa4, 0xf1, 0xf1, 0xda, 0x28, 0x04, 0xf5, 0x4d, 0x40, 0x33,
  0x7f, 0xc2, 0xb4, 0x55, 0x23, 0xb9, 0x4e, 0x40, 0xe5, 0x48, 0xe4, 0x2a,
  0xa7, 0xf6, 0xca, 0xd4, 0x25, 0x25, 0x0d, 0xb8, 0x4d, 0x18, 0xc1, 0xea,
  0xe2, 0xd0, 0x31, 0xf0, 0x07, 0x3b, 0xf0, 0x07, 0xc3, 0x51, 0x12, 0x45,
  0xa4, 0x40, 0xd3, 0x3d, 0xf9, 0x27, 0xef, 0x2b, 0xdc, 0x4e, 0x01, 0xe2,
  0x36, 0x9f, 0x75, 0xef, 0x3a, 0xd9, 0x32, 0xf9, 0x2a, 0x49, 0x35, 0xb3,
  0xca, 0xe3, 0x5b, 0xc1, 0x12, 0xd7, 0x27, 0x8c, 0x99, 0xff, 0x6b, 0xe3,
  0xba, 0xde, 0x40, 0x42, 0x1d, 0xe6, 0xe2, 0x46, 0x20, 0xdd, 0xe9, 0x46,
  0xd9, 0x4d, 0x20, 0xf4, 0xd1, 0xb3, 0xd2, 0xff, 0x49, 0x1a, 0xc0, 0x24,
  0xc2, 0x1d, 0x04, 0x87, 0xce, 0x9a, 0xd9, 0x22, 0xa6, 0x2f, 0xde, 0x50,
  0xcd, 0x45, 0xfc, 0x7f, 0xf9, 0x54, 0xff, 0x3c, 0x35, 0xbc, 0x24, 0x0c,
  0x21, 0x3d, 0x11, 0x7f, 0x1e, 0x01, 0x2f, 0xed, 0xd6, 0x00, 0xce, 0x23,
  0x66, 0xdc, 0x52, 0x3e, 0x0a, 0xd2, 0x14, 0xf4, 0xd4, 0x21, 0xf9, 0xd3,
  0x26, 0xe9, 0xc2, 0x18, 0x25, 0x01, 0xd9, 0xf3, 0xb3, 0xd9, 0xf9, 0xf3,
  0xc4, 0xe3, 0xa5, 0x1b, 0x07, 0xcf, 0xc9, 0x16, 0xe8, 0x3f, 0xf1, 0x1d,
  0xf2, 0x06, 0x0c, 0x16, 0xdc, 0xe0, 0xfd, 0x45, 0xdc, 0x45, 0x95, 0x2d,
  0x02, 0xc5, 0x1f, 0xbd, 0x5b, 0xd6, 0xff, 0xa5, 0xc7, 0xa9, 0x27, 0xb0,
  0x09, 0xce, 0x07, 0xe5, 0xf2, 0x5c, 0x62, 0x60, 0x34, 0xe1, 0x56, 0xfc,
  0x04, 0x81, 0x19, 0x17, 0x03, 0x1f, 0xe7, 0x3a, 0xf6, 0x60, 0x3f, 0x59,
  0xdb, 0x44, 0x13, 0x44, 0x02, 0x12, 0xf2, 0x09, 0x58, 0x39, 0x63, 0xd9,
  0xcc, 0xc3, 0x35, 0x95, 0x04, 0xb6, 0xc0, 0xf6, 0xee, 0x17, 0x9f, 0xff,
  0x68, 0x21, 0xb3, 0x08, 0x64, 0x25, 0x00, 0x96, 0x92, 0x28, 0x4b, 0x18,
  0xb2, 0xd1, 0x31, 0x4e, 0xee, 0xb3, 0xd6, 0xe1, 0xf8, 0xf3, 0xf3, 0xb5,
  0x03, 0xc2, 0x4d, 0x9a, 0xce, 0x46, 0x29, 0xb2, 0x53, 0x6f, 0xed, 0xb2,
  0xc8, 0x1e, 0xc0, 0xf6, 0x41, 0x40, 0x36, 0x3a, 0xab, 0x46, 0x67, 0x10,
  0xd9, 0x34, 0x3f, 0xe4, 0x10, 0xf0, 0xc6, 0x51, 0xfb, 0x33, 0xfc, 0x12,
  0x76, 0xe2, 0xfd, 0x12, 0x1f, 0x30, 0x7f, 0x55, 0xfa, 0x1c, 0x11, 0x0c,
  0xec, 0x31, 0xc1, 0xf1, 0xf0, 0x17, 0x2d, 0xcf, 0xc4, 0x30, 0xfe, 0xcd,
  0xa5, 0xd9, 0x3b, 0xf3, 0xac, 0xd6, 0xf2, 0xb8, 0x2c, 0xd2, 0xf6, 0xdb,
  0xb1, 0x99, 0xb3, 0xf3, 0xcb, 0xc3, 0x33, 0xbc, 0x2e, 0x22, 0x29, 0x06,
  0xf8, 0x35, 0x32, 0xd9, 0x36, 0xe5, 0x21, 0xe7, 0x14, 0x8b, 0x09, 0xf8,
  0xf4, 0xf8, 0xe0, 0x24, 0x4e, 0x05, 0xe0, 0x7f, 0x20, 0xc4, 0x4b, 0x23,
  0x3c, 0x0d, 0x0d, 0x18, 0xcb, 0x4a, 0x94, 0x42, 0x95, 0xc1, 0x85, 0xbc,
  0xe6, 0x1b, 0x33, 0xa8, 0xf2, 0x0d, 0xd8, 0x9e, 0x92, 0xb5, 0xad, 0x37,
  0xb8, 0xb2, 0x47, 0x9a, 0x1c, 0x0d, 0xb5, 0x72, 0xe7, 0x6f, 0xce, 0xfa,
  0x9b, 0xc0, 0xeb, 0xf5, 0xf3, 0x5a, 0x7c, 0x38, 0x9b, 0xa9, 0x40, 0x09,
  0x65, 0x19, 0xc7, 0x15, 0x3b, 0xd9, 0xfa, 0x20, 0x07, 0x16, 0xf6, 0xc2,
  0x5d, 0x1f, 0x1f, 0xbf, 0xb3, 0xc4, 0xc5, 0x7f, 0x11, 0xd5, 0xf6, 0xe8,
  0xfb, 0x3b, 0x64, 0x2b, 0x0f, 0xae, 0x16, 0xd8, 0x97, 0xad, 0x4e, 0xe5,
  0x17, 0x6a, 0x34, 0xce, 0xff, 0xda, 0x14, 0x08, 0xd2, 0x32, 0x97, 0x1f,
  0xf9, 0x4f, 0xb8, 0x43, 0x27, 0x2d, 0x4f, 0x52, 0x1e, 0x2f, 0x4d, 0x4a,
  0xba, 0x34, 0x2e, 0xcc, 0x43, 0x16, 0x0f, 0xfe, 0xe3, 0xd9, 0x36, 0x1a,
  0xd5, 0xf7, 0xd6, 0x7f, 0xdd, 0x2f, 0x72, 0xca, 0x15, 0x0a, 0x4a, 0x45,
  0xd5, 0x81, 0x59, 0xac, 0xdf, 0x68, 0xfc, 0x48, 0x40, 0xee, 0x8f, 0x9c,
  0x18, 0x76, 0x82, 0x3d, 0xaa, 0x40, 0xd1, 0x43, 0x4d, 0x07, 0xe4, 0xd3,
  0x3c, 0x48, 0xa5, 0x5e, 0xb0, 0xc8, 0x07, 0xb0, 0x8b, 0x23, 0x35, 0xb4,
  0x0e, 0xd7, 0x78, 0x35, 0xc0, 0x38, 0xcb, 0xe8, 0xda, 0x37, 0x40, 0x22,
  0x0c, 0x0e, 0xfe, 0x90, 0x42, 0x2f, 0x92, 0x57, 0xb9, 0x21, 0x49, 0x95,
  0x75, 0xfc, 0xd1, 0x0b, 0xc0, 0x06, 0x12, 0x2d, 0xe4, 0xd3, 0x2d, 0x1d,
  0xdf, 0xd3, 0xd5, 0x79, 0x7f, 0x06, 0x44, 0xd8, 0x1d, 0xcb, 0xf0, 0xb9,
  0xfb, 0x7d, 0x1e, 0xb5, 0xdc, 0xcd, 0xd3, 0x0d, 0x29, 0x12, 0x03, 0x11,
  0xa0, 0x41, 0xfd, 0xd0, 0x36, 0xdf, 0x03, 0xee, 0x30, 0xfa, 0xf7, 0x5c,
  0xf6, 0x3d, 0x0e, 0xe8, 0xc7, 0x3c, 0x26, 0x1e, 0xd4, 0x0e, 0x47, 0x19,
  0x1c, 0x24, 0xd1, 0xf9, 0xfd, 0x38, 0x2b, 0x9d, 0x28, 0x30, 0x20, 0x12,
  0x1b, 0x16, 0x97, 0xfb, 0xae, 0xee, 0xc2, 0x5e, 0x72, 0x30, 0x28, 0xf1,
  0x21, 0x9b, 0x05, 0xe7, 0xd3, 0x70, 0xf2, 0x41, 0xcb, 0xd7, 0x41, 0xee,
  0x40, 0xcc, 0x46, 0xee, 0xba, 0x03, 0x43, 0x17, 0xe0, 0x2d, 0x1a, 0xb9,
  0x0e, 0xab, 0x35, 0x58, 0x18, 0x7f, 0xf9, 0xcd, 0x08, 0x2a, 0x32, 0x14,
  0xed, 0xf3, 0x0d, 0xc7, 0x06, 0xbc, 0x1b, 0x2f, 0xb2, 0x1a, 0x4c, 0xc0,
  0x97, 0x5c, 0x08, 0x84, 0xb0, 0xdf, 0x1b, 0xfd, 0xe9, 0xad, 0x40, 0x3d,
  0x33, 0x4f, 0xf1, 0x61, 0xb4, 0xbd, 0x6c, 0x8d, 0x8b, 0x50, 0x0f, 0xe8,
  0xd4, 0x5d, 0x24, 0xbb, 0x06, 0xdc, 0x08, 0x0a, 0x89, 0x92, 0x42, 0x59,
  0xb9, 0x8a, 0x9d, 0xa5, 0x63, 0x9c, 0xa6, 0x20, 0xad, 0x1a, 0x61, 0x5a,
  0x2b, 0x52, 0x81, 0x87, 0x49, 0x1d, 0x92, 0x58, 0xe7, 0xe8, 0x9d, 0xb5,
  0x8a, 0x5f, 0x5d, 0xae, 0x2b, 0xdc, 0x3a, 0x7f, 0x44, 0xba, 0x0e, 0xb3,
  0x10, 0x3d, 0xf7, 0x72, 0x3e, 0xc2, 0xe4, 0x43, 0x1e, 0xb3, 0xd7, 0xea,
  0xc9, 0x05, 0x49, 0x18, 0xf1, 0xef, 0x16, 0x34, 0xbd, 0xc5, 0x09, 0x0c,
  0xa5, 0xc1, 0xf9, 0x0e, 0xb3, 0xf7, 0x16, 0xef, 0x28, 0x9e, 0x23, 0x1d,
  0xf4, 0x54, 0x26, 0x05, 0x27, 0xf0, 0xdf, 0x10, 0xe1, 0xd6, 0xd4, 0xad,
  0x18, 0xf9, 0xe8, 0xda, 0xe5, 0x3c, 0x33, 0xb3, 0x07, 0x39, 0xcf, 0x78,
  0xbf, 0xc8, 0xee, 0xf2, 0x0e, 0xc6, 0xd0, 0x25, 0x6a, 0xc1, 0x1b, 0xb9,
  0xfb, 0xf0, 0x04, 0xf5, 0x21, 0x7a, 0x3a, 0xf3, 0xc4, 0x16, 0x51, 0xe5,
  0xb1, 0xfd, 0x3a, 0x1e, 0xc5, 0xfb, 0xc7, 0xb8, 0x24, 0xcb, 0xa2, 0x05,
  0xc1, 0x9f, 0x27, 0x7f, 0x30, 0x40, 0x1a, 0xce, 0x15, 0xfe, 0x2e, 0xb7,
  0xf9, 0x3d, 0x30, 0xbb, 0x3b, 0xde, 0x08, 0xee, 0x37, 0xbd, 0xf4, 0x1d,
  0x44, 0x43, 0x4f, 0x4c, 0x35, 0x4a, 0xcc, 0xde, 0xe0, 0x32, 0x3c, 0x68,
  0xf2, 0x27, 0xa8, 0x44, 0x29, 0xca, 0xf3, 0xe9, 0x20, 0x7f, 0xb6, 0xc6,
  0xfd, 0x12, 0x7e, 0xec, 0x07, 0x0d, 0x24, 0xcb, 0xee, 0xdc, 0xef, 0x1a,
  0xae, 0x21, 0x8d, 0x9c, 0xd9, 0xd4, 0xbe, 0x66, 0xc0, 0x1d, 0x18, 0xfd,
  0xda, 0xe6, 0x22, 0x31, 0xca, 0x3b, 0x29, 0x0b, 0x2e, 0x3a, 0xf1, 0x44,
  0x3c, 0x3a, 0xf1, 0x93, 0xf9, 0x46, 0xf7, 0x38, 0x52, 0x52, 0x12, 0x1a,
  0x9a, 0x4b, 0xc2, 0x75, 0x07, 0x32, 0xfd, 0xe5, 0xf7, 0xe3, 0x10, 0xbc,
  0x0f, 0x48, 0xe4, 0xae, 0x2d, 0x26, 0x7f, 0xe1, 0xeb, 0xb6, 0xde, 0x05,
  0x06, 0xc2, 0x0f, 0xfd, 0xec, 0x22, 0x90, 0xf5, 0x27, 0x20, 0x34, 0x2a,
  0xe6, 0xf9, 0x25, 0x1c, 0xd7, 0xe0, 0x02, 0xb1, 0x15, 0xc0, 0xed, 0xaa,
  0xb5, 0x3b, 0x82, 0xd1, 0xbf, 0xd6, 0x2b, 0xde, 0xf2, 0xec, 0x4f, 0xef,
  0x91, 0x18, 0xe5, 0xfc, 0xf2, 0xed, 0x03, 0xda, 0x22, 0x01, 0x4e, 0x66,
  0x23, 0x41, 0x01, 0x57, 0x3d, 0x2f, 0x44, 0xd6, 0xbe, 0x27, 0xdc, 0x50,
  0x0b, 0xf4, 0x61, 0xf1, 0x01, 0xf2, 0x63, 0xbb, 0x6c, 0x9e, 0x16, 0xa2,
  0x55, 0x14, 0x8d, 0x53, 0x9b, 0x39, 0xb6, 0xd2, 0x14, 0x10, 0xc6, 0xa2,
  0xe7, 0x97, 0x8c, 0xc6, 0xfe, 0x5b, 0x81, 0x0b, 0x49, 0x63, 0xc5, 0x42,
  0xb4, 0xdf, 0xee, 0x40, 0xbc, 0x4b, 0x8c, 0x27, 0xa1, 0xcb, 0xde, 0x9f,
  0x4e, 0x48, 0xd3, 0xae, 0xc9, 0xed, 0xb3, 0x24, 0x15, 0x20, 0x63, 0x3f,
  0x9d, 0xc9, 0xec, 0xf4, 0x1d, 0x2f, 0xea, 0xcf, 0xde, 0x61, 0xb3, 0xd5,
  0x0c, 0x33, 0x3c, 0xad, 0x60, 0x99, 0x1c, 0x0c, 0x98, 0xdf, 0x81, 0xaf,
  0xcf, 0xea, 0xca, 0x46, 0xac, 0x13, 0x16, 0x5a, 0xe3, 0x3d, 0xc1, 0x4a,
  0x5f, 0xe0, 0xc1, 0x2f, 0xac, 0xcd, 0x16, 0x3d, 0xd2, 0x4c, 0x41, 0x09,
  0x2d, 0xe7, 0xe6, 0xc9, 0x43, 0xe1, 0x1a, 0x2a, 0x72, 0x05, 0x12, 0xe3,
  0xd2, 0x4c, 0xbb, 0xf2, 0x53, 0xee, 0x48, 0x03, 0x39, 0xe7, 0xfe, 0x0a,
  0x11, 0xd0, 0xd0, 0x40, 0x3c, 0x0b, 0xdd, 0x43, 0xd5, 0x7f, 0x01, 0x3c,
  0x04, 0x2c, 0x9a, 0x4d, 0xae, 0x98, 0xe2, 0x42, 0x51, 0xd3, 0xe4, 0x31,
  0xcd, 0x99, 0x02, 0x0c, 0x42, 0x0b, 0xee, 0x68, 0x9c, 0xbb, 0x50, 0xd3,
  0xdc, 0x9e, 0xaa, 0x7b, 0xba, 0x10, 0x5d, 0xe5, 0x43, 0xa7, 0x6d, 0x7f,
  0x00, 0xf5, 0x41, 0x3f, 0x60, 0x63, 0xd3, 0xaa, 0x7c, 0x86, 0xb4, 0xcf,
  0x92, 0x07, 0xcb, 0x57, 0xcc, 0xfa, 0x47, 0xe0, 0x40, 0x2d, 0x1f, 0x7b,
  0x2f, 0x11, 0x74, 0xfa, 0xcc, 0x00, 0xd0, 0x42, 0x8f, 0x47, 0x8c, 0xda,
  0x2d, 0x07, 0x88, 0x6c, 0x19, 0xc4, 0x36, 0xad, 0x85, 0xf6, 0xe9, 0x78,
  0x9e, 0x55, 0xfe, 0x39, 0x1a, 0x34, 0xe0, 0x86, 0xa4, 0xbb, 0xbf, 0x4a,
  0x3b, 0xa7, 0x2f, 0xca, 0x14, 0x16, 0x88, 0xc3, 0xf9, 0x1b, 0xec, 0xf6,
  0x66, 0x2c, 0x2a, 0xbe, 0x8b, 0x4f, 0x8c, 0xbe, 0xea, 0x7a, 0x78, 0xb7,
  0x9f, 0xb5, 0xc7, 0x96, 0x2d, 0xa9, 0xb4, 0xe3, 0x7e, 0x7c, 0xce, 0xd4,
  0x4d, 0x7f, 0x9f, 0x95, 0x65, 0xd1, 0x9b, 0x97, 0x6d, 0x9c, 0x39, 0xc6,
  0x30, 0xc7, 0x1c, 0x10, 0x08, 0xcc, 0xcd, 0xf7, 0xfc, 0xc7, 0x49, 0xf7,
  0xbf, 0xe8, 0xd6, 0x67, 0x32, 0x08, 0x25, 0x30, 0xa8, 0xda, 0x1f, 0xe9,
  0xc4, 0x7f, 0x11, 0x0f, 0x36, 0xc5, 0xfa, 0x1d, 0xf5, 0xd1, 0xc6, 0x05,
  0xf8, 0xdb, 0xe4, 0x1e, 0xf4, 0x28, 0x06, 0xd9, 0xec, 0xa9, 0xe9, 0x67,
  0x26, 0x20, 0xef, 0x14, 0xc2, 0xc4, 0x1d, 0xce, 0xd6, 0x1d, 0x0b, 0x11,
  0xc1, 0xbe, 0x20, 0xf1, 0x10, 0xf0, 0x13, 0xd9, 0x49, 0x09, 0x43, 0xa1,
  0xe0, 0xf6, 0x1b, 0x41, 0xde, 0xfd, 0xfb, 0x90, 0x81, 0xaa, 0xf3, 0x4e,
  0x07, 0xe6, 0x17, 0xd8, 0x45, 0xbb, 0x36, 0xe6, 0x09, 0xbf, 0x27, 0xf3,
  0x1a, 0xbb, 0x30, 0x19, 0xd5, 0x4b, 0x36, 0xf2, 0x1b, 0xad, 0xbb, 0xc8,
  0x54, 0x17, 0x1f, 0xb5, 0x58, 0x82, 0x39, 0x45, 0x98, 0x35, 0x34, 0x5d,
  0xdb, 0x5b, 0xcd, 0xf1, 0x21, 0x4c, 0xad, 0x39, 0xf4, 0x45, 0x25, 0xfe,
  0xfe, 0xeb, 0x42, 0x98, 0xcd, 0x03, 0x0d, 0x0b, 0x3e, 0xc7, 0x96, 0x81,
  0xc1, 0x67, 0xfe, 0xb7, 0xa7, 0xe6, 0xeb, 0x60, 0x9f, 0xa9, 0x78, 0x95,
  0x47, 0x62, 0x61, 0x21, 0x23, 0xc8, 0xe2, 0x79, 0x0f, 0x28, 0xdd, 0xd3,
  0xe8, 0xa6, 0x86, 0x59, 0x56, 0x0a, 0xc9, 0xc2, 0x21, 0x6b, 0x34, 0xe5,
  0xcc, 0x90, 0x8c, 0xf2, 0xa4, 0x5f, 0xeb, 0x77, 0xed, 0x0e, 0xdf, 0xd1,
  0xd1, 0x01, 0xc7, 0xf4, 0x30, 0xc1, 0xb0, 0xbb, 0x0c, 0x48, 0x6c, 0xab,
  0xec, 0xbc, 0xca, 0xdc, 0xc7, 0x19, 0xe9, 0xd5, 0xf5, 0xbc, 0x4f, 0x29,
  0x0a, 0x81, 0xca, 0x41, 0x1d, 0xf1, 0xef, 0x09, 0xd7, 0xe7, 0xd7, 0x0a,
  0x40, 0xb3, 0xd6, 0xd4, 0xb0, 0x23, 0x49, 0x14, 0xdd, 0xe5, 0x04, 0xd4,
  0x56, 0x05, 0xe5, 0x04, 0xb0, 0xdc, 0xf5, 0x41, 0x28, 0xba, 0x3c, 0x60,
  0xd3, 0x13, 0x1e, 0x11, 0xbe, 0xf6, 0x1f, 0xeb, 0xad, 0x5a, 0x34, 0x9e,
  0xc7, 0xd4, 0x9b, 0x9d, 0x00, 0x20, 0x9d, 0x56, 0x98, 0xf3, 0xa5, 0x7f,
  0xba, 0x35, 0xe6, 0x14, 0xc4, 0x5a, 0xef, 0xeb, 0xc1, 0x60, 0xf2, 0x74,
  0x27, 0x4f, 0x34, 0xe2, 0x55, 0x8d, 0xd7, 0xfc, 0x95, 0x91, 0x8d, 0x50,
  0x24, 0xde, 0xb9, 0xcb, 0x59, 0x7a, 0xa4, 0x2b, 0x79, 0xd6, 0x1a, 0xdc,
  0xe2, 0xa0, 0x3e, 0xc0, 0x3c, 0x29, 0x1c, 0x54, 0xf0, 0x18, 0x02, 0xe3,
  0xe8, 0x1a, 0xdf, 0x81, 0x27, 0xd4, 0x07, 0xd8, 0xbf, 0x25, 0xd2, 0x83,
  0x8e, 0x29, 0xe4, 0x23, 0xef, 0xbe, 0xe9, 0x01, 0x2a, 0xd2, 0xe6, 0xd1,
  0xec, 0x17, 0x9a, 0x18, 0xf4, 0x3f, 0x0b, 0xc1, 0x37, 0x21, 0x21, 0x23,
  0x24, 0x17, 0xf9, 0x05, 0x37, 0xd9, 0xdd, 0xe6, 0x1a, 0xc2, 0xd3, 0x2a,
  0xeb, 0x18, 0x33, 0x32, 0x08, 0x08, 0xc7, 0x14, 0xff, 0xea, 0xde, 0xf2,
  0x24, 0xef, 0x0f, 0x05, 0xa9, 0xf7, 0x01, 0xf8, 0x3b, 0xf8, 0xdf, 0x21,
  0xb1, 0x35, 0xca, 0x3d, 0x49, 0x0d, 0xa2, 0xe5, 0x95, 0xa8, 0x1f, 0x05,
  0x3f, 0x23, 0xa8, 0x3b, 0x15, 0x2a, 0x62, 0x04, 0xfa, 0x19, 0xdb, 0x22,
  0x81, 0xc3, 0xb8, 0x05, 0xe8, 0xb8, 0xc6, 0xaa, 0x45, 0xe9, 0x0c, 0x59,
  0x08, 0x19, 0xfa, 0xb7, 0x58, 0xeb, 0x3d, 0xff, 0x11, 0x1b, 0x22, 0xf1,
  0xaf, 0xc5, 0xdf, 0xb4, 0x2e, 0xbf, 0x46, 0xef, 0xbd, 0xcd, 0xff, 0xcb,
  0x24, 0x6d, 0x3d, 0x83, 0x65, 0x81, 0xfd, 0x00, 0x92, 0xff, 0x1d, 0xbb,
  0xfa, 0xd0, 0x13, 0x09, 0x9d, 0xc4, 0x9d, 0xac, 0xd2, 0x6d, 0x74, 0xe7,
  0x74, 0x34, 0x5a, 0xa7, 0xfd, 0xfe, 0x18, 0x07, 0x55, 0xbb, 0xb7, 0xab,
  0xa6, 0x0c, 0xff, 0xdc, 0xa5, 0x19, 0x90, 0x60, 0xcc, 0x79, 0x61, 0x32,
  0x9b, 0xab, 0x0c, 0xb5, 0xd8, 0xc1, 0x76, 0x88, 0xc9, 0x30, 0xc9, 0xa6,
  0x5d, 0x5a, 0x9c, 0x90, 0xdb, 0x13, 0x69, 0x6d, 0x49, 0x16, 0xc6, 0xb5,
  0xfa, 0x40, 0x4b, 0x46, 0x7f, 0x55, 0xff, 0x90, 0xe5, 0xff, 0xe8, 0xb7,
  0xe6, 0x7d, 0xbf, 0x99, 0xbf, 0xf9, 0x8d, 0x73, 0x40, 0x6e, 0xbc, 0x87,
  0xd9, 0x6b, 0xba, 0x2c, 0x2b, 0x9a, 0x8a, 0xdc, 0xe7, 0xc2, 0xcd, 0x75,
  0x19, 0x93, 0x2c, 0xed, 0x13, 0x39, 0x43, 0x88, 0x65, 0xef, 0x3f, 0x74,
  0x05, 0x13, 0x88, 0x63, 0xf6, 0xb3, 0x37, 0x26, 0x28, 0xe4, 0x6e, 0xef,
  0xca, 0x13, 0x1e, 0x06, 0x3c, 0x11, 0xcd, 0xcf, 0x1b, 0x05, 0x0d, 0xb6,
  0xc1, 0x2c, 0x0c, 0xef, 0xe0, 0x27, 0xe3, 0x12, 0xf6, 0x81, 0xb4, 0x04,
  0xfb, 0x24, 0x26, 0xec, 0xdc, 0x83, 0x2c, 0x2b, 0xb4, 0xba, 0x14, 0x43,
  0xdb, 0x6c, 0xb7, 0x1b, 0xaa, 0xa3, 0x39, 0xf9, 0xe0, 0xe5, 0xcc, 0x26,
  0x13, 0x1e, 0x25, 0xed, 0x37, 0x4d, 0x4c, 0xd6, 0x04, 0x17, 0x3a, 0x41,
  0x12, 0x42, 0x02, 0xc2, 0xc4, 0xbc, 0xe1, 0x4d, 0x7f, 0xb8, 0x13, 0xcd,
  0x90, 0xb2, 0xd8, 0xf5, 0xbb, 0xfb, 0xdf, 0x35, 0xe6, 0xae, 0xea, 0x3f,
  0x1e, 0xe0, 0x29, 0x04, 0xa7, 0xcc, 0x43, 0x55, 0xcc, 0xba, 0xeb, 0xb7,
  0x26, 0xf1, 0xd8, 0x05, 0xc9, 0x20, 0xc9, 0xac, 0x0c, 0x0f, 0x37, 0xf7,
  0xfb, 0x23, 0xfb, 0x3e, 0x1c, 0xfa, 0x02, 0x41, 0x46, 0x28, 0x53, 0xfd,
  0x13, 0x03, 0xab, 0xbb, 0xb9, 0x50, 0x27, 0xe1, 0x42, 0xd7, 0x56, 0xc6,
  0x5b, 0xf4, 0xbb, 0x4f, 0xe4, 0x78, 0xdf, 0xda, 0xc1, 0x10, 0x54, 0x3d,
  0x25, 0xdd, 0xa8, 0xe6, 0x6d, 0x37, 0xf5, 0xcd, 0x77, 0x4e, 0xdb, 0xd0,
  0x4b, 0x19, 0x39, 0xfb, 0x1b, 0x7f, 0xdb, 0x3e, 0xb9, 0x36, 0x0e, 0x72,
  0xbb, 0x04, 0xfe, 0x43, 0xc7, 0x20, 0xc8, 0x2e, 0xf1, 0x01, 0x23, 0xdc,
  0x59, 0xd1, 0xee, 0x78, 0x3b, 0x49, 0x13, 0x5c, 0xc9, 0x25, 0xff, 0xe8,
  0xc3, 0xee, 0xf0, 0x02, 0x7a, 0xf1, 0xad, 0xb8, 0xe8, 0xf7, 0x38, 0x30,
  0xcb, 0xf2, 0x32, 0xd8, 0xe5, 0x03, 0x1e, 0x4b, 0x0b, 0x9b, 0x0d, 0xfe,
  0xd5, 0xd3, 0xfc, 0x02, 0xf4, 0x35, 0xa6, 0xc2, 0xfa, 0xe0, 0x49, 0x34,
  0xca, 0x7f, 0xe2, 0xce, 0x10, 0x32, 0x38, 0xcb, 0xf4, 0x19, 0x3c, 0xd0,
  0xfc, 0xf4, 0x92, 0x37, 0x12, 0x2e, 0x48, 0xa7, 0x1d, 0xe6, 0xea, 0x7f,
  0x33, 0x06, 0xe4, 0xc0, 0xe9, 0x00, 0xfc, 0x7b, 0x39, 0xc6, 0xfc, 0xf3,
  0x1b, 0xa8, 0x32, 0xd3, 0x09, 0x55, 0x14, 0x04, 0x39, 0xd4, 0x41, 0xe8,
  0x29, 0xf4, 0xbd, 0x21, 0xe2, 0x27, 0xcd, 0x0c, 0xd0, 0x11, 0xa6, 0xd3,
  0xca, 0x1e, 0x45, 0x32, 0xe1, 0x65, 0x37, 0xe6, 0x3b, 0x3a, 0x2e, 0xc5,
  0x0d, 0x0d, 0xb1, 0xa0, 0xc4, 0x27, 0x9f, 0x33, 0x28, 0x22, 0xf3, 0xff,
  0x1c, 0xb8, 0x9f, 0x9b, 0x81, 0xda, 0xe1, 0x0c, 0x34, 0x17, 0x0b, 0x6f,
  0xf7, 0xf6, 0x02, 0xaf, 0x35, 0x06, 0xbc, 0x88, 0xbd, 0xc6, 0xbe, 0x20,
  0x0f, 0x4f, 0xae, 0xd7, 0xeb, 0xc8, 0xbd, 0xfa, 0x9f, 0xe1, 0x62, 0x0e,
  0xe7, 0xeb, 0x39, 0x6a, 0x63, 0x96, 0x34, 0x19, 0x9a, 0xc2, 0xf8, 0xe7,
  0x16, 0x5f, 0xbe, 0x91, 0x6b, 0x3e, 0x2d, 0x3a, 0x90, 0x50, 0x6d, 0x47,
  0xe8, 0xb6, 0x6a, 0xe9, 0xcd, 0xf8, 0xb2, 0xee, 0x47, 0x69, 0x81, 0xf0,
  0xab, 0xc2, 0x6b, 0xc7, 0xe7, 0x09, 0xe9, 0x69, 0xdf, 0x4e, 0x1f, 0x78,
  0xbb, 0x39, 0x05, 0x68, 0xcf, 0xcf, 0x6a, 0xac, 0xec, 0xce, 0xea, 0x95,
  0xaf, 0x20, 0xdd, 0x10, 0xc7, 0xbd, 0x0a, 0xb0, 0xb9, 0xd8, 0x9b, 0xcb,
  0xe7, 0x14, 0x4a, 0x9e, 0xda, 0xa1, 0x26, 0x52, 0x39, 0xae, 0x44, 0x16,
  0x54, 0x76, 0x40, 0xe0, 0x1c, 0x35, 0xde, 0x42, 0xd6, 0xe6, 0xeb, 0x0e,
  0x27, 0x2b, 0xee, 0x0e, 0x15, 0xcc, 0x08, 0x31, 0xe2, 0xdc, 0xfa, 0x20,
  0xf9, 0x18, 0xf3, 0x19, 0x36, 0xeb, 0x2b, 0xe9, 0xc3, 0xf3, 0x24, 0xc3,
  0xdb, 0xf8, 0xfd, 0x1b, 0x2f, 0xed, 0xd8, 0xb5, 0xc9, 0x27, 0x0a, 0x0e,
  0xd3, 0xe8, 0x2c, 0xd1, 0x3e, 0x10, 0xf6, 0xf2, 0x62, 0x43, 0xc8, 0xcd,
  0x32, 0x15, 0x06, 0x81, 0x31, 0x04, 0xf5, 0x0b, 0xb4, 0xd6, 0x0f, 0x32,
  0x03, 0xe9, 0xdb, 0xbc, 0xcb, 0xd6, 0x28, 0x2f, 0xbe, 0x0a, 0x2b, 0xda,
  0x84, 0x22, 0x4c, 0x0a, 0xce, 0xf2, 0x32, 0xb6, 0x08, 0x81, 0xc0, 0xf1,
  0xff, 0x40, 0x1e, 0xd7, 0xc7, 0xc0, 0xea, 0x24, 0x3e, 0xc1, 0xc5, 0x54,
  0xc6, 0xf9, 0xc9, 0x49, 0xc3, 0x23, 0xfb, 0xf9, 0x00, 0x9f, 0x43, 0xf7,
  0x30, 0x44, 0x47, 0x48, 0x2b, 0x3e, 0xc3, 0x4d, 0x0b, 0x2c, 0x32, 0x37,
  0x41, 0x07, 0x00, 0xe5, 0x2b, 0xba, 0xbf, 0x69, 0xbb, 0x05, 0x77, 0x33,
  0xe0, 0xde, 0x2f, 0x3b, 0x14, 0xfb, 0xec, 0x10, 0xc2, 0xc5, 0xe1, 0xb5,
  0xdc, 0x1c, 0x43, 0x26, 0x37, 0xd9, 0xb0, 0x33, 0xe4, 0xf3, 0xf7, 0x20,
  0xb8, 0xb8, 0xc3, 0x55, 0x3b, 0xdb, 0xca, 0x0b, 0x3c, 0xcb, 0x04, 0x7f,
  0xdd, 0x7d, 0x39, 0xbb, 0x2c, 0xe9, 0xdd, 0x2d, 0x07, 0x09, 0xf3, 0x33,
  0x3d, 0x4b, 0xe9, 0x20, 0xd4, 0x20, 0xee, 0x09, 0xeb, 0x54, 0x43, 0x16,
  0xd5, 0xb5, 0x47, 0xbf, 0x15, 0x11, 0xac, 0x79, 0xd7, 0xb7, 0xbf, 0xd5,
  0x78, 0x1c, 0x0f, 0x25, 0x15, 0x23, 0xed, 0xa7, 0xb0, 0x7f, 0xbf, 0xf3,
  0x26, 0x2b, 0xda, 0xc9, 0x34, 0x2c, 0xce, 0x5f, 0xc4, 0x41, 0x43, 0xd4,
  0xb9, 0x44, 0xe5, 0x40, 0xbe, 0xe2, 0xd4, 0xf4, 0x31, 0x41, 0xee, 0xdd,
  0xcc, 0xbe, 0xce, 0x51, 0xde, 0x1c, 0x2f, 0x10, 0x68, 0xfa, 0xe6, 0x08,
  0xa2, 0xa7, 0xc3, 0x47, 0xa8, 0xed, 0x25, 0xca, 0xff, 0x99, 0x0c, 0x7b,
  0x75, 0x3e, 0xfe, 0x59, 0x4f, 0x33, 0xe2, 0xea, 0xe1, 0x6f, 0x4e, 0xaa,
  0xc0, 0xd3, 0xdf, 0xa7, 0x48, 0x4c, 0xbe, 0xe0, 0x78, 0x15, 0x40, 0xde,
  0xd8, 0x21, 0x26, 0x7f, 0x1f, 0xde, 0xe3, 0xcd, 0xea, 0x6f, 0x19, 0x4e,
  0x18, 0x48, 0xb5, 0x19, 0xe6, 0x0c, 0x2f, 0x5e, 0x17, 0x10, 0x17, 0xa9,
  0x23, 0xf4, 0xbe, 0x63, 0xc0, 0xdd, 0xd3, 0x6b, 0xee, 0xc0, 0x4f, 0x48,
  0xe3, 0x0f, 0xc3, 0x0e, 0x27, 0xb5, 0xac, 0xf2, 0x31, 0x78, 0xd8, 0x08,
  0xe3, 0x4e, 0x47, 0xda, 0x57, 0x29, 0xef, 0x23, 0x2b, 0xfa, 0x4e, 0x3d,
  0x24, 0x46, 0x12, 0x07, 0xbd, 0xbc, 0xd5, 0x7e, 0xb6, 0x3c, 0xa6, 0x48,
  0x2e, 0xcb, 0xa2, 0x18, 0xf2, 0x39, 0xd8, 0xff, 0x17, 0xe2, 0xe5, 0x1c,
  0x06, 0xfe, 0x7f, 0x0e, 0x03, 0xdf, 0xe9, 0x6a, 0xec, 0xd8, 0xa1, 0x58,
  0xf8, 0xf2, 0x77, 0xa6, 0x53, 0xf5, 0x65, 0x48, 0x0a, 0xc6, 0x54, 0xd6,
  0xd8, 0x50, 0xff, 0xd2, 0x01, 0xda, 0xf4, 0x10, 0x1f, 0x58, 0xc6, 0x30,
  0x40, 0x26, 0x61, 0x97, 0x7c, 0x05, 0x66, 0x4c, 0x4c, 0xef, 0x74, 0x68,
  0xe2, 0xde, 0x30, 0x1d, 0x81, 0xd8, 0xfc, 0x53, 0x32, 0xe2, 0x26, 0x95,
  0x6a, 0xf6, 0x1e, 0x7c, 0x5e, 0x3a, 0x5f, 0xc2, 0x44, 0xbb, 0x9f, 0xe0,
  0xb0, 0xe8, 0x12, 0x29, 0xb5, 0x5c, 0x1f, 0x25, 0x68, 0xab, 0x24, 0xee,
  0x74, 0x34, 0x1d, 0x10, 0x25, 0x16, 0x31, 0xc7, 0x4b, 0x2a, 0x33, 0x1d,
  0x1c, 0x74, 0xf8, 0xc5, 0x72, 0x29, 0x26, 0xd6, 0x49, 0xf7, 0xdd, 0x4f,
  0x18, 0x00, 0x7f, 0xcc, 0x00, 0x46, 0xa1, 0x4a, 0xa2, 0x74, 0x0a, 0xd9,
  0xc2, 0xd5, 0xd8, 0xdc, 0xea, 0x38, 0xd8, 0xbe, 0x37, 0x4d, 0x5c, 0xf8,
  0x5a, 0x22, 0xdf, 0x73, 0xf3, 0xfe, 0xc1, 0x35, 0x49, 0x43, 0xc8, 0x05,
  0x9d, 0xd9, 0x3b, 0x61, 0x7f, 0xc7, 0x13, 0x19, 0xc3, 0x00, 0xce, 0x37,
  0xf9, 0x3b, 0x45, 0xfc, 0xfa, 0x15, 0x5a, 0x27, 0xcc, 0xd9, 0xbc, 0x45,
  0xf7, 0xd0, 0xe2, 0xb5, 0xc4, 0x1e, 0xf5, 0xcb, 0x23, 0x1c, 0xfc, 0x63,
  0x20, 0x0a, 0xd6, 0x0b, 0xea, 0xce, 0x33, 0x41, 0xe0, 0xcb, 0x39, 0xf6,
  0xe0, 0xcd, 0xe6, 0x09, 0xc6, 0xc8, 0xc6, 0xe9, 0xec, 0xe3, 0x4b, 0xeb,
  0x79, 0xc6, 0xef, 0x17, 0x3c, 0x8d, 0x5e, 0x6b, 0xd7, 0x7f, 0x3c, 0xbb,
  0x0e, 0x6e, 0x75, 0xf2, 0x1a, 0x86, 0xcf, 0x39, 0x0b, 0x61, 0x0c, 0xff,
  0xe1, 0xb5, 0x58, 0x16, 0x6e, 0x2f, 0xd5, 0xc0, 0x6c, 0xfe, 0x3d, 0x3f,
  0x99, 0x39, 0xba, 0x8f, 0xd9, 0xbe, 0x35, 0x0b, 0x95, 0x8b, 0x66, 0x84,
  0xb1, 0xcd, 0x58, 0x9b, 0xbe, 0x23, 0x9f, 0x18, 0xa7, 0xb9, 0xd1, 0x5b,
  0xa1, 0x52, 0x6f, 0x9c, 0xf3, 0x17, 0xff, 0xb4, 0x81, 0x6a, 0x10, 0x5b,
  0x82, 0xd3, 0xe8, 0x11, 0x00, 0x31, 0x26, 0xdd, 0xcf, 0xd6, 0xf2, 0xf9,
  0x48, 0x1c, 0xea, 0x61, 0x8d, 0xc0, 0x25, 0xd7, 0x8e, 0xb4, 0xf7, 0x0c,
  0x8e, 0x5a, 0xbd, 0xa9, 0xe1, 0xce, 0xbc, 0x77, 0x14, 0x69, 0x46, 0xe8,
  0x30, 0x91, 0x6d, 0x3e, 0x46, 0x0b, 0x92, 0x05, 0xcc, 0x34, 0x9e, 0x89,
  0x8b, 0x92, 0xd5, 0xec, 0xf8, 0xff, 0xf0, 0x24, 0xfe, 0x02, 0x16, 0xbd,
  0xa6, 0x2a, 0xbe, 0x1c, 0xfe, 0xe3, 0xea, 0x2f, 0xf4, 0x29, 0x3b, 0x13,
  0x00, 0x7e, 0x35, 0xc4, 0xce, 0xbb, 0x81, 0xdb, 0xe5, 0xa5, 0xf5, 0x05,
  0xf4, 0xdd, 0x45, 0x55, 0x34, 0xb2, 0xc3, 0xb3, 0xfb, 0xca, 0xf5, 0x5f,
  0x1b, 0x7e, 0xc0, 0xef, 0x97, 0xe6, 0x0b, 0xd0, 0xe2, 0xc4, 0x27, 0x53,
  0x23, 0xc8, 0xeb, 0x13, 0x2b, 0xf1, 0xf0, 0x02, 0xca, 0x34, 0xd8, 0x3b,
  0xc7, 0xd4, 0x79, 0x09, 0xaa, 0xc3, 0x2f, 0xfd, 0x40, 0x43, 0x15, 0x26,
  0xac, 0xe3, 0x3f, 0xe7, 0xdd, 0x0f, 0x1f, 0xc9, 0x2d, 0x8f, 0xf4, 0xd0,
  0x10, 0xb9, 0x34, 0xe3, 0xa3, 0xf2, 0x03, 0x1f, 0x2c, 0xc2, 0xd9, 0xaf,
  0x1f, 0x14, 0x48, 0x17, 0xdd, 0x7f, 0x0f, 0x28, 0xa0, 0xd7, 0x20, 0x18,
  0xe4, 0x35, 0x06, 0x36, 0x14, 0xc7, 0xf3, 0x19, 0x4c, 0x0f, 0x24, 0xcd,
  0xb2, 0xc3, 0xf9, 0xfb, 0xbc, 0x5f, 0x37, 0xe8, 0xc0, 0xf7, 0x00, 0x81,
  0xcf, 0xdc, 0xc2, 0x33, 0xbb, 0x3d, 0x3f, 0x15, 0x5c, 0x13, 0x2b, 0x45,
  0xa4, 0x3d, 0xa5, 0xd8, 0xe0, 0x3a, 0x58, 0x51, 0xbb, 0x40, 0x2a, 0xae,
  0x4b, 0xf4, 0x05, 0x55, 0x52, 0xd6, 0x5e, 0x8d, 0xf0, 0xfb, 0x38, 0x5a,
  0x51, 0x2c, 0xe5, 0xc3, 0xde, 0xe7, 0x47, 0xfd, 0x38, 0x1f, 0x4b, 0x4e,
  0xc5, 0x31, 0x4e, 0xe2, 0x26, 0x2b, 0xfb, 0x4e, 0xd2, 0x31, 0x1d, 0xf1,
  0xe3, 0x1b, 0xd7, 0x28, 0x57, 0xd0, 0x0b, 0x17, 0xf7, 0x00, 0xb9, 0xbe,
  0x1e, 0x7f, 0x2a, 0x0b, 0x3f, 0xe0, 0xc2, 0x17, 0xec, 0xf7, 0x30, 0x3b,
  0xd3, 0xc8, 0xfe, 0x46, 0xd0, 0x13, 0xf1, 0xfe, 0xe9, 0xda, 0xc8, 0x69,
  0xe8, 0x4f, 0xc5, 0xe9, 0x0e, 0xec, 0x26, 0x3c, 0xe2, 0x27, 0xe2, 0x26,
  0xe1, 0x10, 0x9b, 0x1e, 0xda, 0x42, 0xc5, 0x17, 0x3c, 0xd5, 0x18, 0xd4,
  0x28, 0x40, 0x2b, 0xe3, 0xc6, 0xef, 0x38, 0xad, 0xc5, 0xdc, 0x11, 0x17,
  0x0d, 0x25, 0xe1, 0x10, 0x0a, 0x81, 0x0f, 0xbe, 0xec, 0xf5, 0xd9, 0x33,
  0xbc, 0x3a, 0x00, 0x22, 0x2a, 0x32, 0x08, 0x1b, 0x06, 0x3b, 0x29, 0xbf,
  0x14, 0xfe, 0x3f, 0xa8, 0x1d, 0x07, 0x11, 0x3b, 0xe3, 0x00, 0xd7, 0x2f,
  0x00, 0x38, 0xfa, 0x12, 0xef, 0xd3, 0x38, 0x27, 0x03, 0xd2, 0xf1, 0xd7,
  0xd3, 0x7c, 0x3e, 0xcd, 0xbc, 0xfd, 0xc0, 0x7c, 0x86, 0xd2, 0xc2, 0xeb,
  0xac, 0x43, 0xa9, 0x29, 0xbe, 0x46, 0x77, 0xbc, 0x3a, 0xf3, 0xef, 0xe8,
  0x73, 0x57, 0xfd, 0xe7, 0xf9, 0x17, 0xe7, 0x22, 0x16, 0x7a, 0xf2, 0x45,
  0x94, 0x02, 0x81, 0x38, 0x9e, 0x19, 0x17, 0x3d, 0xef, 0x67, 0x48, 0x52,
  0xe8, 0xf9, 0xb8, 0xa4, 0x69, 0xef, 0xd4, 0xe7, 0xcb, 0x4c, 0x11, 0x2d,
  0x8b, 0x1d, 0x10, 0x1c, 0x47, 0x07, 0xa4, 0x8a, 0xce, 0x30, 0x4b, 0x52,
  0x51, 0x5a, 0x13, 0xad, 0xfd, 0x58, 0x26, 0xdf, 0xa6, 0xd3, 0xff, 0x3f,
  0xe8, 0xb8, 0xca, 0x1d, 0xa1, 0x5a, 0xb2, 0xcb, 0x6b, 0x0d, 0xb3, 0x45,
  0xb1, 0x0a, 0xd1, 0xbf, 0xfe, 0x57, 0x33, 0x2f, 0x07, 0x5f, 0x47, 0x10,
  0xa7, 0xb5, 0x0e, 0x1c, 0x2e, 0x9d, 0x42, 0x53, 0xa5, 0xc6, 0xe0, 0x7f,
  0x1b, 0x38, 0x1c, 0xfe, 0x32, 0x24, 0x23, 0x2b, 0xc5, 0x31, 0xec, 0xf4,
  0xd9, 0xe7, 0x41, 0xec, 0xc6, 0x26, 0xf1, 0x8b, 0xe6, 0xcc, 0xed, 0x05,
  0x03, 0xff, 0x3a, 0xf3, 0x06, 0xc0, 0xe9, 0x1d, 0x2d, 0x0d, 0xac, 0xfc,
  0x2c, 0xc1, 0xee, 0x42, 0x35, 0x36, 0x30, 0x1e, 0x1e, 0xe7, 0xf3, 0x2f,
  0x10, 0xc5, 0xc9, 0xd7, 0xd6, 0x8a, 0x23, 0xd6, 0x27, 0xfc, 0x1c, 0x25,
  0xcb, 0x21, 0x10, 0x7f, 0xe0, 0x2e, 0xce, 0x34, 0xf1, 0xf7, 0x30, 0xcd,
  0xf8, 0xfb, 0x0c, 0x41, 0xf7, 0x44, 0xe8, 0xc0, 0x0a, 0x15, 0x3c, 0x7b,
  0x2b, 0xc8, 0xbd, 0x0b, 0xbe, 0xcc, 0x17, 0x08, 0xcd, 0x01, 0xd6, 0x36,
  0x28, 0xde, 0x56, 0x36, 0xf1, 0xe0, 0xd7, 0x1e, 0xfc, 0x40, 0x29, 0x2e,
  0xfd, 0xca, 0x1b, 0xf9, 0x2e, 0xeb, 0x2d, 0x15, 0xdf, 0x18, 0x3b, 0xbb,
  0x27, 0x0b, 0xf4, 0x0d, 0xbf, 0xd1, 0x26, 0x81, 0x0d, 0x36, 0xf8, 0xbe,
  0x06, 0xca, 0x22, 0xbe, 0xe0, 0x16, 0xf4, 0x01, 0x33, 0xd5, 0x19, 0x40,
  0x42, 0x32, 0x39, 0xc4, 0xd9, 0xc2, 0x3c, 0x1a, 0xed, 0x3b, 0x1d, 0xbb,
  0x43, 0x81, 0x1e, 0xbd, 0x40, 0x07, 0xa4, 0x41, 0x49, 0x4b, 0xc8, 0x33,
  0xfa, 0x00, 0x35, 0x2d, 0x2c, 0x15, 0x2e, 0xd4, 0x38, 0xf6, 0xba, 0x98,
  0x37, 0x92, 0x42, 0x2b, 0xf8, 0x36, 0xcd, 0x1c, 0xd1, 0xc1, 0x3c, 0x05,
  0x2e, 0x20, 0x34, 0xe3, 0xd8, 0x2b, 0x18, 0xfc, 0x2a, 0x04, 0x54, 0xcf,
  0x2d, 0xe7, 0x17, 0x4b, 0x4c, 0xe8, 0x51, 0xad, 0xa8, 0xfa, 0x31, 0xd5,
  0x3a, 0x01, 0x2d, 0xf8, 0xc7, 0xe5, 0x49, 0xc5, 0x3b, 0x32, 0x9d, 0x1f,
  0xc3, 0xe6, 0x51, 0xc2, 0x25, 0x4d, 0xfd, 0xeb, 0xd9, 0x3e, 0xfc, 0x37,
  0xdb, 0xa3, 0x33, 0x81, 0xc7, 0xd0, 0x1e, 0x24, 0xdd, 0x4c, 0x50, 0x1d,
  0xff, 0x39, 0xf6, 0x48, 0xb5, 0xd4, 0x29, 0x08, 0x4e, 0x2e, 0x43, 0x3c,
  0xe8, 0xa6, 0x54, 0x6e, 0x9e, 0xc6, 0x28, 0xdf, 0x7f, 0xef, 0xe9, 0x0e,
  0x27, 0x1a, 0xad, 0x00, 0x37, 0xc7, 0xc4, 0xbb, 0x0c, 0x7d, 0xe9, 0x36,
  0xf8, 0x72, 0xed, 0xe7, 0xb2, 0x76, 0xb6, 0xec, 0x78, 0x02, 0xf3, 0x45,
  0x48, 0x32, 0x45, 0x02, 0x04, 0x53, 0x2b, 0x28, 0xd6, 0x39, 0x92, 0x44,
  0x31, 0x52, 0xc8, 0x95, 0xb7, 0xfd, 0x23, 0xd9, 0xa1, 0x47, 0xcf, 0x64,
  0xf5, 0x1a, 0x3f, 0xd1, 0x99, 0xb4, 0x12, 0xad, 0xf0, 0xff, 0x79, 0xa6,
  0x90, 0x92, 0x8d, 0x81, 0x3b, 0x6b, 0xc7, 0x94, 0x52, 0x99, 0x7a, 0xce,
  0xad, 0x65, 0xd4, 0x66, 0xb6, 0x1b, 0xb9, 0x46, 0x5f, 0x9f, 0x20, 0x05,
  0xa0, 0x26, 0xb3, 0xf7, 0x27, 0x23, 0x12, 0xf2, 0xf5, 0xbd, 0xd2, 0xad,
  0x98, 0x2f, 0xe7, 0x00, 0x57, 0xfd, 0xa3, 0xb4, 0x65, 0xdb, 0xbc, 0x6e,
  0xbc, 0x57, 0xd1, 0x3d, 0xee, 0x49, 0xec, 0x48, 0xf5, 0x6b, 0xe3, 0xce,
  0x83, 0x0b, 0x87, 0xd0, 0xa7, 0xed, 0xaa, 0xa6, 0x7e, 0x81, 0x7b, 0x0a,
  0x38, 0x0a, 0x06, 0xf9, 0x89, 0xb2, 0x89, 0x1c, 0x98, 0xff, 0xc3, 0x08,
  0x31, 0x6f, 0x1d, 0x9f, 0x47, 0xcc, 0x96, 0x25, 0x94, 0xde, 0x55, 0xcf,
  0x0a, 0xdd, 0x5d, 0x73, 0x44, 0x9a, 0x8b, 0xe1, 0x3a, 0x2d, 0xc6, 0xdc,
  0xe7, 0x43, 0xec, 0x22, 0x23, 0xe1, 0x79, 0x83, 0xab, 0x42, 0xe9, 0x7d,
  0xe2, 0x1e, 0x2b, 0x67, 0x58, 0x48, 0x17, 0xcd, 0xdd, 0xd2, 0x37, 0x70,
  0x6d, 0x3a, 0x5f, 0x46, 0xc6, 0x1c, 0x28, 0x34, 0xdf, 0x12, 0x40, 0x38,
  0xb7, 0xc7, 0xa4, 0xd1, 0x99, 0x83, 0x40, 0x23, 0xf3, 0xd5, 0xa6, 0xd7,
  0xd0, 0x98, 0xf2, 0xd7, 0xbe, 0x09, 0x39, 0x27, 0xce, 0x42, 0x06, 0xb4,
  0xed, 0x3e, 0x06, 0xa2, 0x01, 0x03, 0x3a, 0x4c, 0x51, 0x08, 0x9a, 0xa6,
  0x1b, 0x07, 0xe5, 0x81, 0xe4, 0xda, 0x33, 0xf4, 0x0b, 0xc3, 0x0c, 0xba,
  0x81, 0xfe, 0xc8, 0x05, 0x39, 0x13, 0x05, 0x45, 0xbe, 0xe8, 0x21, 0x26,
  0xb2, 0x1c, 0x3a, 0xc5, 0xc7, 0x96, 0xe8, 0xe7, 0x3e, 0x1e, 0x2c, 0xbc,
  0xd1, 0xff, 0xed, 0x19, 0x34, 0x17, 0xc5, 0xe1, 0x09, 0xb0, 0xeb, 0x4a,
  0x48, 0x19, 0x0c, 0x14, 0xf8, 0xb3, 0x36, 0x27, 0xbc, 0xfe, 0xc0, 0xfa,
  0x04, 0xc3, 0x00, 0x47, 0x40, 0x33, 0x13, 0x15, 0xbd, 0x72, 0xa8, 0x99,
  0x88, 0x87, 0x18, 0xbe, 0xca, 0x76, 0xc7, 0x76, 0x90, 0x64, 0x9a, 0x02,
  0xed, 0x07, 0xef, 0x45, 0x6e, 0xd6, 0x88, 0x33, 0xe8, 0x28, 0x53, 0x74,
  0x6a, 0x97, 0xf9, 0x02, 0x0c, 0x7f, 0x0a, 0xe8, 0x3f, 0x06, 0x25, 0x50,
  0xa5, 0xec, 0x13, 0x27, 0xf3, 0x00, 0x82, 0x35, 0xf0, 0x45, 0x10, 0x60,
  0xa8, 0xb6, 0xaf, 0xd2, 0x25, 0x07, 0x9e, 0xb7, 0x92, 0x62, 0x68, 0xd2,
  0x41, 0x37, 0x0d, 0x67, 0xea, 0x4b, 0x01, 0x27, 0xe7, 0xac, 0x2b, 0xca,
  0x31, 0xe1, 0xd1, 0xb8, 0xff, 0x5b, 0x0c, 0xb0, 0xbc, 0xe8, 0x26, 0x05,
  0xfb, 0xe6, 0x4d, 0xad, 0xde, 0x64, 0x38, 0x51, 0x6c, 0xad, 0x14, 0x09,
  0xe0, 0xc5, 0x6a, 0x51, 0xf4, 0x02, 0xbb, 0x2e, 0x14, 0xe7, 0xba, 0x64,
  0xd8, 0xb4, 0x31, 0xb8, 0xd4, 0xda, 0x41, 0x3d, 0x55, 0x29, 0x7f, 0x53,
  0x42, 0x3f, 0xbd, 0xd6, 0xe9, 0xf3, 0x39, 0x89, 0x0e, 0x17, 0xf0, 0x32,
  0x00, 0xf6, 0xf9, 0xbc, 0xc3, 0x44, 0x50, 0xc5, 0x32, 0xc6, 0xe0, 0x10,
  0xf1, 0x0d, 0xd6, 0x37, 0x03, 0xb5, 0x94, 0x08, 0x08, 0xcf, 0xea, 0xc7,
  0xb2, 0xef, 0x16, 0x51, 0x44, 0x1f, 0x30, 0xe1, 0xde, 0x1c, 0x35, 0x95,
  0x2b, 0xd1, 0x34, 0x25, 0xc4, 0xb6, 0xe3, 0x10, 0xe7, 0x11, 0x45, 0x7f,
  0x37, 0xcc, 0xcf, 0xc4, 0xdb, 0x30, 0x34, 0x2d, 0xaf, 0x3f, 0xd9, 0x5c,
  0xbe, 0x26, 0x4c, 0x02, 0x37, 0xa5, 0x0a, 0x76, 0x74, 0xaa, 0xae, 0xaf,
  0xee, 0x43, 0x0a, 0xa5, 0xd3, 0x7f, 0xe1, 0xa7, 0xe0, 0x37, 0x59, 0x0c,
  0x6c, 0x01, 0xfe, 0xba, 0xeb, 0x2b, 0xc5, 0xdc, 0xc6, 0x2d, 0x34, 0x63,
  0x3d, 0x2e, 0xeb, 0x6a, 0xb8, 0xcb, 0x22, 0x72, 0x43, 0xae, 0x77, 0xfe,
  0x53, 0xe3, 0xef, 0xd0, 0xa1, 0xf6, 0x37, 0x00, 0xeb, 0x30, 0x3b, 0x55,
  0xdb, 0x0a, 0xb8, 0xc5, 0xe5, 0x01, 0x3d, 0x4e, 0xf5, 0xf1, 0xee, 0x60,
  0x26, 0xaf, 0xc4, 0x28, 0xe7, 0xf0, 0xe5, 0x32, 0x1e, 0x45, 0x35, 0xd5,
  0x13, 0x7f, 0xfd, 0x0d, 0xd7, 0x58, 0x15, 0x4a, 0x70, 0x18, 0x52, 0x27,
  0xea, 0x41, 0xdb, 0xda, 0x45, 0x06, 0x1a, 0x45, 0xc4, 0xd6, 0xa9, 0x49,
  0xbb, 0xfa, 0xd2, 0x0d, 0x67, 0xd0, 0x23, 0x47, 0xe7, 0x0f, 0x64, 0x49,
  0xcf, 0xcc, 0xdf, 0x3c, 0x4a, 0xf2, 0x16, 0x11, 0x32, 0xe4, 0xb9, 0xfb,
  0xdf, 0x28, 0x01, 0x7f, 0x01, 0xda, 0xb9, 0xbc, 0x1d, 0x0d, 0xf0, 0x2f,
  0x2f, 0x79, 0xf9, 0xb9, 0x28, 0xa7, 0x15, 0x13, 0x36, 0xe9, 0x45, 0xc3,
  0xc6, 0x1e, 0x21, 0xc7, 0xfa, 0x2a, 0xbb, 0xe1, 0x1f, 0x01, 0x34, 0x35,
  0x47, 0x2a, 0x08, 0x28, 0x3c, 0xe5, 0xcf, 0xf9, 0x20, 0x22, 0x17, 0x8a,
  0xf8, 0xe1, 0xbf, 0xe0, 0x2e, 0x11, 0xd5, 0xbc, 0x1e, 0x54, 0x30, 0x82,
  0xd8, 0xd9, 0xf6, 0x11, 0xc1, 0x2f, 0xdb, 0x81, 0xde, 0xa9, 0x26, 0x11,
  0x2a, 0x57, 0xf8, 0x08, 0x10, 0xa0, 0x11, 0xc2, 0xfb, 0x43, 0xce, 0x0d,
  0x45, 0x0a, 0xbf, 0x2b, 0xcd, 0xf9, 0xf3, 0xd7, 0x0b, 0x44, 0xbe, 0x33,
  0x3b, 0x22, 0xde, 0x90, 0xf5, 0xc5, 0xfb, 0x44, 0xbd, 0xa6, 0x36, 0xc0,
  0x17, 0x48, 0x24, 0x0a, 0x32, 0xb6, 0xe9, 0xe4, 0x2d, 0xea, 0x40, 0x2f,
  0x1d, 0xe7, 0xd5, 0x67, 0xb4, 0x41, 0xff, 0xf7, 0xfd, 0x0c, 0xd6, 0xf9,
  0x4e, 0x41, 0x37, 0xe8, 0x98, 0x1d, 0xd3, 0x23, 0xac, 0x63, 0x2c, 0x3f,
  0xdd, 0xd8, 0xe5, 0x40, 0x07, 0x18, 0xfa, 0x04, 0xac, 0xf4, 0xd6, 0xe8,
  0xeb, 0xf9, 0x94, 0x0f, 0x1d, 0x0d, 0xe8, 0x65, 0xcb, 0x3e, 0x14, 0xb4,
  0xba, 0xe5, 0x5e, 0xb8, 0xe4, 0x35, 0x42, 0x7f, 0x25, 0xdd, 0xc7, 0x1b,
  0x48, 0x43, 0x1c, 0x17, 0xd4, 0x26, 0xf3, 0x62, 0x40, 0x4a, 0xad, 0x1c,
  0x95, 0x17, 0x01, 0x06, 0xfb, 0x42, 0x10, 0x22, 0xd9, 0x2a, 0x07, 0xd8,
  0xe9, 0x7f, 0x12, 0xcf, 0x13, 0xe1, 0x12, 0xf3, 0x2a, 0xa6, 0xec, 0x4a,
  0x97, 0xe7, 0x2f, 0x19, 0xcf, 0xb9, 0xf4, 0xa4, 0xbd, 0xd5, 0x12, 0x54,
  0x35, 0x77, 0x28, 0xbc, 0x41, 0xe7, 0x20, 0x13, 0xb4, 0xf8, 0xdd, 0xd3,
  0x2e, 0xab, 0x9a, 0x26, 0xae, 0x04, 0x26, 0xf6, 0xd5, 0x33, 0x70, 0xf3,
  0xca, 0xf9, 0x5d, 0xe1, 0x09, 0x18, 0xc6, 0x1b, 0x5e, 0x6d, 0x88, 0xb2,
  0xae, 0xb1, 0x25, 0xb5, 0xc9, 0xf4, 0xc9, 0xd9, 0x5a, 0x4c, 0x39, 0x42,
  0x9e, 0x30, 0x26, 0x03, 0x54, 0x71, 0x5e, 0x85, 0xb2, 0x98, 0xa3, 0xb2,
  0x55, 0x55, 0x5e, 0x2d, 0xa3, 0x82, 0xcb, 0xef, 0xa5, 0x9c, 0xd7, 0x18,
  0x09, 0x9e, 0x66, 0x57, 0x65, 0x5e, 0x42, 0xc0, 0x81, 0xc2, 0x60, 0x0b,
  0x9b, 0x05, 0x2c, 0xdb, 0x42, 0x6c, 0x05, 0x98, 0x81, 0xcf, 0x34, 0x4b,
  0x82, 0x8e, 0x69, 0x31, 0x42, 0x4f, 0xa4, 0x74, 0xa7, 0xa4, 0xd1, 0x71,
  0x14, 0xe2, 0x7e, 0x1b, 0x18, 0x0e, 0x0b, 0x86, 0xa9, 0x00, 0x39, 0xe7,
  0x42, 0x88, 0xc4, 0x6b, 0x33, 0xed, 0x49, 0x26, 0x1b, 0x05, 0xe3, 0x05,
  0x43, 0xba, 0x8e, 0xd3, 0xda, 0x05, 0x15, 0xe6, 0xc3, 0xf4, 0x89, 0x60,
  0xa8, 0xc7, 0x91, 0xa1, 0xf1, 0x24, 0xee, 0x86, 0xf0, 0x0f, 0x6c, 0xe2,
  0xfd, 0x47, 0xd2, 0x94, 0x86, 0xee, 0x5a, 0xcd, 0xbd, 0xbd, 0x4a, 0xda,
  0x0c, 0x81, 0xef, 0x27, 0xf5, 0xdf, 0x04, 0xd3, 0x23, 0x01, 0xcc, 0xb5,
  0x37, 0x03, 0xf5, 0x15, 0xb9, 0xed, 0x07, 0x31, 0xd2, 0xc8, 0x0c, 0xee,
  0x2a, 0xc5, 0x49, 0x22, 0xdf, 0x1d, 0xda, 0x04, 0xc7, 0x1e, 0xdd, 0x1b,
  0xd3, 0x41, 0x21, 0x29, 0xe0, 0xfe, 0x03, 0x14, 0x2f, 0x52, 0xec, 0x17,
  0x36, 0xa9, 0xba, 0x7a, 0xd0, 0x52, 0xa9, 0xf1, 0xa1, 0x48, 0x32, 0xbc,
  0x17, 0xdc, 0xc7, 0x2f, 0x9d, 0xf5, 0xde, 0x7a, 0x9e, 0x58, 0x7b, 0xdf,
  0xda, 0x6d, 0x9e, 0x8b, 0xeb, 0x24, 0xf8, 0xd2, 0x65, 0xc6, 0xa7, 0x7e,
  0xd2, 0x35, 0xba, 0x06, 0x90, 0xf2, 0xc9, 0x38, 0x16, 0xa0, 0xda, 0x34,
  0xf5, 0x0f, 0x7f, 0x8c, 0x0b, 0xd9, 0x95, 0xe1, 0x5e, 0xd5, 0x8e, 0x0c,
  0x37, 0x31, 0x33, 0xc0, 0x27, 0xed, 0x6b, 0x1f, 0xd8, 0x42, 0xc6, 0xd8,
  0xaa, 0x0a, 0x1d, 0xc1, 0xd5, 0x26, 0x03, 0x32, 0x30, 0x81, 0x22, 0x4e,
  0xbd, 0xfe, 0x20, 0x42, 0x23, 0x29, 0xf8, 0x03, 0xb0, 0x16, 0xcf, 0x01,
  0xd8, 0x18, 0xf9, 0xe3, 0xe5, 0x26, 0xaf, 0x8f, 0x30, 0xa1, 0xee, 0xef,
  0x1e, 0xc9, 0xd0, 0x31, 0xc0, 0x49, 0xb8, 0x7b, 0xd7, 0x0a, 0x12, 0xd3,
  0x01, 0xfe, 0xf4, 0x2c, 0x23, 0xb4, 0xa4, 0xd3, 0xdf, 0x03, 0x63, 0x14,
  0x3a, 0xba, 0xa9, 0x1b, 0x11, 0xa3, 0x44, 0x6a, 0xb0, 0xb7, 0x82, 0xc1,
  0xae, 0x50, 0xb3, 0xd2, 0x0a, 0xcc, 0xc8, 0x60, 0xa1, 0x92, 0xbd, 0xb0,
  0x35, 0x37, 0x2a, 0xf9, 0xe8, 0x1b, 0x5a, 0x45, 0xfd, 0x1d, 0xf4, 0x9b,
  0x1b, 0xa6, 0xae, 0xea, 0xea, 0xa7, 0xde, 0x14, 0x81, 0xea, 0x40, 0x1d,
  0xbc, 0x2a, 0xeb, 0xc1, 0x21, 0x0f, 0x93, 0xf1, 0xf2, 0xb4, 0xf2, 0xe9,
  0x39, 0x40, 0x35, 0xcc, 0xdb, 0xf7, 0x0f, 0xdb, 0x99, 0x4a, 0x38, 0x4f,
  0xe6, 0xe4, 0x1a, 0xec, 0xce, 0xa7, 0x4f, 0x2f, 0xc0, 0x47, 0x99, 0x0d,
  0x39, 0xe7, 0xbd, 0xc6, 0xf7, 0x2f, 0x44, 0xfb, 0x0f, 0x13, 0xd1, 0x46,
  0x3d, 0xeb, 0xb1, 0xa7, 0xc8, 0xeb, 0x3a, 0x23, 0x9f, 0x1e, 0x23, 0x39,
  0x35, 0xcb, 0x3a, 0x7f, 0xfb, 0x50, 0x2f, 0x3a, 0x26, 0x19, 0x47, 0xda,
  0x2f, 0xba, 0xb7, 0x81, 0x4d, 0x2a, 0xe6, 0xcd, 0xeb, 0x21, 0x31, 0xcf,
  0xff, 0x0e, 0x32, 0xdc, 0x43, 0x1d, 0xe8, 0xe2, 0x1f, 0xf2, 0x58, 0x54,
  0x0b, 0xf5, 0x85, 0xb6, 0x40, 0x00, 0x0f, 0xca, 0xef, 0xfb, 0x0b, 0x30,
  0xc5, 0xb1, 0x4a, 0x2d, 0xbe, 0xe8, 0xd4, 0xa3, 0x53, 0xaf, 0x42, 0xe2,
  0x32, 0x0e, 0x34, 0xcc, 0xc2, 0xc9, 0x47, 0x40, 0xee, 0xfd, 0xd2, 0x52,
  0xde, 0xf7, 0xd3, 0xc5, 0x26, 0xe9, 0xae, 0xf5, 0x13, 0xfd, 0x2a, 0x1d,
  0x51, 0xf9, 0x42, 0xf9, 0x40, 0xe1, 0x05, 0xc7, 0x7f, 0xe1, 0x02, 0xfd,
  0xf4, 0x2b, 0xf4, 0xc2, 0xe9, 0x66, 0xc1, 0xf4, 0x1f, 0x78, 0xd3, 0xce,
  0x3d, 0xb0, 0x4a, 0x4f, 0xfd, 0xc2, 0x7d, 0x4d, 0x44, 0x4d, 0xed, 0x66,
  0xbc, 0x1e, 0xfe, 0xf9, 0xe0, 0xf2, 0x32, 0xbe, 0xf3, 0x0e, 0xf5, 0x0e,
  0x10, 0xe5, 0xeb, 0x16, 0xdf, 0xf1, 0xc0, 0x1c, 0x66, 0xfd, 0xff, 0xff,
  0x04, 0x00, 0x00, 0x00, 0x00, 0x02, 0x00, 0x00, 0x33, 0xfe, 0xff, 0xff,
  0x25, 0xfc, 0xff, 0xff, 0x4e, 0xf2, 0xff, 0xff, 0x14, 0xfe, 0xff, 0xff,
  0xfa, 0xfd, 0xff, 0xff, 0xf7, 0xfb, 0xff, 0xff, 0xd7, 0xfe, 0xff, 0xff,
  0x7d, 0x0a, 0x00, 0x00, 0xec, 0xff, 0xff, 0xff, 0x1c, 0x07, 0x00, 0x00,
  0xa5, 0xfd, 0xff, 0xff, 0x1d, 0xef, 0xff, 0xff, 0x59, 0x05, 0x00, 0x00,
  0x57, 0x0a, 0x00, 0x00, 0x9e, 0x04, 0x00, 0x00, 0x00, 0x00, 0x00, 0x00,
  0x98, 0xff, 0xff, 0xff, 0x10, 0x00, 0x00, 0x00, 0x00, 0x00, 0x00, 0x00,
  0xcb, 0x01, 0x00, 0x00, 0x00, 0x00, 0x00, 0x00, 0xbc, 0x08, 0x00, 0x00,
  0x7c, 0xfe, 0xff, 0xff, 0xec, 0xfe, 0xff, 0xff, 0x7d, 0x02, 0x00, 0x00,
  0xab, 0x00, 0x00, 0x00, 0xf7, 0xf0, 0xff, 0xff, 0xf7, 0x08, 0x00, 0x00,
  0x00, 0x00, 0x00, 0x00, 0xc7, 0xfc, 0xff, 0xff, 0xcd, 0xfe, 0xff, 0xff,
  0xad, 0x07, 0x00, 0x00, 0xd4, 0x08, 0x00, 0x00, 0x19, 0x03, 0x00, 0x00,
  0x25, 0xfe, 0xff, 0xff, 0x71, 0xe9, 0xff, 0xff, 0x00, 0x00, 0x00, 0x00,
  0xe0, 0x05, 0x00, 0x00, 0x75, 0xff, 0xff, 0xff, 0xcf, 0xfb, 0xff, 0xff,
  0xed, 0xfa, 0xff, 0xff, 0xdb, 0xfe, 0xff, 0xff, 0x00, 0x00, 0x00, 0x00,
  0x27, 0xff, 0xff, 0xff, 0x1c, 0x0d, 0x00, 0x00, 0x00, 0x00, 0x00, 0x00,
  0x51, 0x07, 0x00, 0x00, 0x6c, 0x03, 0x00, 0x00, 0x7b, 0x0b, 0x00, 0x00,
  0xe9, 0x02, 0x00, 0x00, 0xff, 0x06, 0x00, 0x00, 0x7b, 0x02, 0x00, 0x00,
  0x00, 0x00, 0x00, 0x00, 0x51, 0x03, 0x00, 0x00, 0x9f, 0xfd, 0xff, 0xff,
  0x38, 0x0c, 0x00, 0x00, 0x3f, 0xfc, 0xff, 0xff, 0xbe, 0xfd, 0xff, 0xff,
  0x30, 0xfe, 0xff, 0xff, 0xc0, 0xfd, 0xff, 0xff, 0x2b, 0xfe, 0xff, 0xff,
  0x61, 0xfd, 0xff, 0xff, 0x5e, 0xfa, 0xff, 0xff, 0xbe, 0xfd, 0xff, 0xff,
  0x73, 0x06, 0x00, 0x00, 0xe5, 0xfd, 0xff, 0xff, 0x00, 0x00, 0x00, 0x00,
  0xf4, 0x08, 0x00, 0x00, 0x2d, 0x01, 0x00, 0x00, 0x00, 0x00, 0x00, 0x00,
  0xfb, 0x03, 0x00, 0x00, 0x00, 0x00, 0x00, 0x00, 0x00, 0x04, 0x00, 0x00,
  0x27, 0xfe, 0xff, 0xff, 0x00, 0x00, 0x00, 0x00, 0x00, 0x00, 0x00, 0x00,
  0x57, 0x0f, 0x00, 0x00, 0xa5, 0x10, 0x00, 0x00, 0x82, 0x06, 0x00, 0x00,
  0x6d, 0xfe, 0xff, 0xff, 0x8c, 0xfd, 0xff, 0xff, 0x5f, 0x01, 0x00, 0x00,
  0x00, 0x00, 0x00, 0x00, 0x95, 0xee, 0xff, 0xff, 0xb4, 0x01, 0x00, 0x00,
  0xdd, 0x0c, 0x00, 0x00, 0xa9, 0x0a, 0x00, 0x00, 0x29, 0x09, 0x00, 0x00,
  0x26, 0x08, 0x00, 0x00, 0xa1, 0x0a, 0x00, 0x00, 0x53, 0x08, 0x00, 0x00,
  0xe1, 0xfb, 0xff, 0xff, 0x00, 0x00, 0x00, 0x00, 0xd7, 0xff, 0xff, 0xff,
  0x1e, 0x0e, 0x00, 0x00, 0xf4, 0x0b, 0x00, 0x00, 0x1f, 0xfe, 0xff, 0xff,
  0x51, 0x0b, 0x00, 0x00, 0x47, 0x01, 0x00, 0x00, 0x00, 0x00, 0x00, 0x00,
  0x43, 0x02, 0x00, 0x00, 0x40, 0x04, 0x00, 0x00, 0x50, 0xfd, 0xff, 0xff,
  0xa3, 0x01, 0x00, 0x00, 0x0d, 0x02, 0x00, 0x00, 0x75, 0x09, 0x00, 0x00,
  0xaf, 0xff, 0xff, 0xff, 0x23, 0xff, 0xff, 0xff, 0xe3, 0x0b, 0x00, 0x00,
  0x61, 0xff, 0xff, 0xff, 0xab, 0xfe, 0xff, 0xff, 0xde, 0x06, 0x00, 0x00,
  0xc9, 0x01, 0x00, 0x00, 0x64, 0x0b, 0x00, 0x00, 0x43, 0x07, 0x00, 0x00,
  0x57, 0xfe, 0xff, 0xff, 0x25, 0x06, 0x00, 0x00, 0x1a, 0x0e, 0x00, 0x00,
  0x1a, 0xfe, 0xff, 0xff, 0x52, 0xfd, 0xff, 0xff, 0x00, 0x00, 0x00, 0x00,
  0x63, 0x03, 0x00, 0x00, 0x00, 0x00, 0x00, 0x00, 0x67, 0x01, 0x00, 0x00,
  0x89, 0xfd, 0xff, 0xff, 0x92, 0x03, 0x00, 0x00, 0x43, 0x01, 0x00, 0x00,
  0x15, 0x09, 0x00, 0x00, 0x72, 0xff, 0xff, 0xff, 0x04, 0x00, 0x00, 0x00,
  0x80, 0x00, 0x00, 0x00, 0x1f, 0x1c, 0x06, 0x13, 0x2a, 0x0b, 0x20, 0x45,
  0xe2, 0x1a, 0xe9, 0x59, 0xe9, 0xe1, 0xf5, 0xdb, 0xe9, 0xfe, 0x24, 0xef,
  0x05, 0xed, 0x27, 0x1e, 0xce, 0xfa, 0x7f, 0xc5, 0x2b, 0x02, 0x1b, 0xe8,
  0xce, 0xdc, 0x2a, 0x6b, 0xe2, 0xe8, 0x27, 0x02, 0x1a, 0xec, 0x10, 0x16,
  0x28, 0x24, 0xc7, 0xc2, 0x3a, 0xe4, 0xde, 0xd6, 0x2c, 0xf2, 0x05, 0x20,
  0x0b, 0x1c, 0x2f, 0x1e, 0x29, 0x22, 0x0a, 0xe1, 0xe6, 0x0c, 0xf3, 0x34,
  0xef, 0x05, 0xd4, 0x0d, 0xc9, 0x22, 0xd7, 0x27, 0x2d, 0x2b, 0xc7, 0x20,
  0x18, 0xf0, 0xe3, 0x55, 0xd0, 0x3e, 0xe0, 0xe9, 0xc8, 0xec, 0xe5, 0x40,
  0x00, 0xf5, 0x26, 0x4a, 0x00, 0x2d, 0xe4, 0x1b, 0xec, 0xe5, 0x0e, 0xd2,
  0xe2, 0xd3, 0x1b, 0x06, 0x32, 0x19, 0xf1, 0xc7, 0xcb, 0xdb, 0xd3, 0x2e,
  0xce, 0x36, 0x31, 0x23, 0x19, 0xe0, 0xfa, 0xf2, 0x10, 0xdd, 0xef, 0xc6,
  0x00, 0x00, 0x06, 0x00, 0x08, 0x00, 0x04, 0x00, 0x06, 0x00, 0x00, 0x00,
  0x04, 0x00, 0x00, 0x00, 0x04, 0x00, 0x00, 0x00, 0xed, 0xfe, 0xff, 0xff,
  0x80, 0xff, 0xff, 0xff, 0x84, 0xff, 0xff, 0xff, 0x0f, 0x00, 0x00, 0x00,
  0x4d, 0x4c, 0x49, 0x52, 0x20, 0x43, 0x6f, 0x6e, 0x76, 0x65, 0x72, 0x74,
  0x65, 0x64, 0x2e, 0x00, 0x01, 0x00, 0x00, 0x00, 0x14, 0x00, 0x00, 0x00,
  0x00, 0x00, 0x0e, 0x00, 0x18, 0x00, 0x14, 0x00, 0x10, 0x00, 0x0c, 0x00,
  0x08, 0x00, 0x04, 0x00, 0x0e, 0x00, 0x00, 0x00, 0x14, 0x00, 0x00, 0x00,
  0x1c, 0x00, 0x00, 0x00, 0x24, 0x01, 0x00, 0x00, 0x28, 0x01, 0x00, 0x00,
  0x2c, 0x01, 0x00, 0x00, 0x04, 0x00, 0x00, 0x00, 0x6d, 0x61, 0x69, 0x6e,
  0x00, 0x00, 0x00, 0x00, 0x04, 0x00, 0x00, 0x00, 0xcc, 0x00, 0x00, 0x00,
  0x84, 0x00, 0x00, 0x00, 0x3c, 0x00, 0x00, 0x00, 0x04, 0x00, 0x00, 0x00,
  0x96, 0xff, 0xff, 0xff, 0x14, 0x00, 0x00, 0x00, 0x00, 0x00, 0x00, 0x08,
  0x10, 0x00, 0x00, 0x00, 0x14, 0x00, 0x00, 0x00, 0x04, 0x00, 0x04, 0x00,
  0x04, 0x00, 0x00, 0x00, 0x01, 0x00, 0x00, 0x00, 0x0c, 0x00, 0x00, 0x00,
  0x03, 0x00, 0x00, 0x00, 0x0b, 0x00, 0x00, 0x00, 0x02, 0x00, 0x00, 0x00,
  0x01, 0x00, 0x00, 0x00, 0xca, 0xff, 0xff, 0xff, 0x10, 0x00, 0x00, 0x00,
  0x00, 0x00, 0x00, 0x08, 0x10, 0x00, 0x00, 0x00, 0x14, 0x00, 0x00, 0x00,
  0x76, 0xff, 0xff, 0xff, 0x00, 0x00, 0x00, 0x01, 0x01, 0x00, 0x00, 0x00,
  0x0b, 0x00, 0x00, 0x00, 0x03, 0x00, 0x00, 0x00, 0x0a, 0x00, 0x00, 0x00,
  0x04, 0x00, 0x00, 0x00, 0x03, 0x00, 0x00, 0x00, 0x00, 0x00, 0x0e, 0x00,
  0x14, 0x00, 0x00, 0x00, 0x10, 0x00, 0x0c, 0x00, 0x0b, 0x00, 0x04, 0x00,
  0x0e, 0x00, 0x00, 0x00, 0x10, 0x00, 0x00, 0x00, 0x00, 0x00, 0x00, 0x08,
  0x10, 0x00, 0x00, 0x00, 0x14, 0x00, 0x00, 0x00, 0xba, 0xff, 0xff, 0xff,
  0x00, 0x00, 0x00, 0x01, 0x01, 0x00, 0x00, 0x00, 0x0a, 0x00, 0x00, 0x00,
  0x03, 0x00, 0x00, 0x00, 0x09, 0x00, 0x00, 0x00, 0x06, 0x00, 0x00, 0x00,
  0x05, 0x00, 0x00, 0x00, 0x00, 0x00, 0x0e, 0x00, 0x16, 0x00, 0x00, 0x00,
  0x10, 0x00, 0x0c, 0x00, 0x0b, 0x00, 0x04, 0x00, 0x0e, 0x00, 0x00, 0x00,
  0x18, 0x00, 0x00, 0x00, 0x00, 0x00, 0x00, 0x08, 0x18, 0x00, 0x00, 0x00,
  0x1c, 0x00, 0x00, 0x00, 0x00, 0x00, 0x06, 0x00, 0x08, 0x00, 0x07, 0x00,
  0x06, 0x00, 0x00, 0x00, 0x00, 0x00, 0x00, 0x01, 0x01, 0x00, 0x00, 0x00,
  0x09, 0x00, 0x00, 0x00, 0x03, 0x00, 0x00, 0x00, 0x00, 0x00, 0x00, 0x00,
  0x08, 0x00, 0x00, 0x00, 0x07, 0x00, 0x00, 0x00, 0x01, 0x00, 0x00, 0x00,
  0x0c, 0x00, 0x00, 0x00, 0x01, 0x00, 0x00, 0x00, 0x00, 0x00, 0x00, 0x00,
  0x0d, 0x00, 0x00, 0x00, 0xb8, 0x1a, 0x00, 0x00, 0x40, 0x1a, 0x00, 0x00,
  0xc4, 0x19, 0x00, 0x00, 0x70, 0x13, 0x00, 0x00, 0x14, 0x0d, 0x00, 0x00,
  0xc0, 0x09, 0x00, 0x00, 0x64, 0x06, 0x00, 0x00, 0x90, 0x04, 0x00, 0x00,
  0xb4, 0x02, 0x00, 0x00, 0xf8, 0x01, 0x00, 0x00, 0x3c, 0x01, 0x00, 0x00,
  0x80, 0x00, 0x00, 0x00, 0x04, 0x00, 0x00, 0x00, 0x92, 0xe5, 0xff, 0xff,
  0x00, 0x00, 0x00, 0x01, 0x18, 0x00, 0x00, 0x00, 0x20, 0x00, 0x00, 0x00,
  0x3c, 0x00, 0x00, 0x00, 0x0d, 0x00, 0x00, 0x00, 0x00, 0x00, 0x00, 0x09,
  0x50, 0x00, 0x00, 0x00, 0x02, 0x00, 0x00, 0x00, 0xff, 0xff, 0xff, 0xff,
  0x01, 0x00, 0x00, 0x00, 0x7c, 0xe5, 0xff, 0xff, 0x08, 0x00, 0x00, 0x00,
  0x10, 0x00, 0x00, 0x00, 0x01, 0x00, 0x00, 0x00, 0xff, 0xff, 0xff, 0xff,
  0xff, 0xff, 0xff, 0xff, 0x01, 0x00, 0x00, 0x00, 0xe1, 0xc8, 0xff, 0x3b,
  0x1b, 0x00, 0x00, 0x00, 0x53, 0x74, 0x61, 0x74, 0x65, 0x66, 0x75, 0x6c,
  0x50, 0x61, 0x72, 0x74, 0x69, 0x74, 0x69, 0x6f, 0x6e, 0x65, 0x64, 0x43,
  0x61, 0x6c, 0x6c, 0x5f, 0x31, 0x3a, 0x30, 0x00, 0x02, 0x00, 0x00, 0x00,
  0x01, 0x00, 0x00, 0x00, 0x01, 0x00, 0x00, 0x00, 0x0a, 0xe6, 0xff, 0xff,
  0x00, 0x00, 0x00, 0x01, 0x18, 0x00, 0x00, 0x00, 0x20, 0x00, 0x00, 0x00,
  0x3c, 0x00, 0x00, 0x00, 0x0c, 0x00, 0x00, 0x00, 0x00, 0x00, 0x00, 0x09,
  0x90, 0x00, 0x00, 0x00, 0x02, 0x00, 0x00, 0x00, 0xff, 0xff, 0xff, 0xff,
  0x80, 0x00, 0x00, 0x00, 0xf4, 0xe5, 0xff, 0xff, 0x08, 0x00, 0x00, 0x00,
  0x10, 0x00, 0x00, 0x00, 0x01, 0x00, 0x00, 0x00, 0x80, 0xff, 0xff, 0xff,
  0xff, 0xff, 0xff, 0xff, 0x01, 0x00, 0x00, 0x00, 0x8d, 0x40, 0xed, 0x3b,
  0x5b, 0x00, 0x00, 0x00, 0x73, 0x65, 0x71, 0x75, 0x65, 0x6e, 0x74, 0x69,
  0x61, 0x6c, 0x5f, 0x31, 0x2f, 0x68, 0x69, 0x64, 0x64, 0x65, 0x6e, 0x5f,
  0x33, 0x5f, 0x31, 0x2f, 0x4d, 0x61, 0x74, 0x4d, 0x75, 0x6c, 0x3b, 0x73,
  0x65, 0x71, 0x75, 0x65, 0x6e, 0x74, 0x69, 0x61, 0x6c, 0x5f, 0x31, 0x2f,
  0x68, 0x69, 0x64, 0x64, 0x65, 0x6e, 0x5f, 0x33, 0x5f, 0x31, 0x2f, 0x52,
  0x65, 0x6c, 0x75, 0x3b, 0x73, 0x65, 0x71, 0x75, 0x65, 0x6e, 0x74, 0x69,
  0x61, 0x6c, 0x5f, 0x31, 0x2f, 0x68, 0x69, 0x64, 0x64, 0x65, 0x6e, 0x5f,
  0x33, 0x5f, 0x31, 0x2f, 0x42, 0x69, 0x61, 0x73, 0x41, 0x64, 0x64, 0x00,
  0x02, 0x00, 0x00, 0x00, 0x01, 0x00, 0x00, 0x00, 0x80, 0x00, 0x00, 0x00,
  0xc2, 0xe6, 0xff, 0xff, 0x00, 0x00, 0x00, 0x01, 0x18, 0x00, 0x00, 0x00,
  0x20, 0x00, 0x00, 0x00, 0x3c, 0x00, 0x00, 0x00, 0x0b, 0x00, 0x00, 0x00,
  0x00, 0x00, 0x00, 0x09, 0x90, 0x00, 0x00, 0x00, 0x02, 0x00, 0x00, 0x00,
  0xff, 0xff, 0xff, 0xff, 0x40, 0x00, 0x00, 0x00, 0xac, 0xe6, 0xff, 0xff,
  0x08, 0x00, 0x00, 0x00, 0x10, 0x00, 0x00, 0x00, 0x01, 0x00, 0x00, 0x00,
  0x80, 0xff, 0xff, 0xff, 0xff, 0xff, 0xff, 0xff, 0x01, 0x00, 0x00, 0x00,
  0x57, 0x96, 0x33, 0x3c, 0x5b, 0x00, 0x00, 0x00, 0x73, 0x65, 0x71, 0x75,
  0x65, 0x6e, 0x74, 0x69, 0x61, 0x6c, 0x5f, 0x31, 0x2f, 0x68, 0x69, 0x64,
  0x64, 0x65, 0x6e, 0x5f, 0x32, 0x5f, 0x31, 0x2f, 0x4d, 0x61, 0x74, 0x4d,
  0x75, 0x6c, 0x3b, 0x73, 0x65, 0x71, 0x75, 0x65, 0x6e, 0x74, 0x69, 0x61,
  0x6c, 0x5f, 0x31, 0x2f, 0x68, 0x69, 0x64, 0x64, 0x65, 0x6e, 0x5f, 0x32,
  0x5f, 0x31, 0x2f, 0x52, 0x65, 0x6c, 0x75, 0x3b, 0x73, 0x65, 0x71, 0x75,
  0x65, 0x6e, 0x74, 0x69, 0x61, 0x6c, 0x5f, 0x31, 0x2f, 0x68, 0x69, 0x64,
  0x64, 0x65, 0x6e, 0x5f, 0x32, 0x5f, 0x31, 0x2f, 0x42, 0x69, 0x61, 0x73,
  0x41, 0x64, 0x64, 0x00, 0x02, 0x00, 0x00, 0x00, 0x01, 0x00, 0x00, 0x00,
  0x40, 0x00, 0x00, 0x00, 0x7a, 0xe7, 0xff, 0xff, 0x00, 0x00, 0x00, 0x01,
  0x18, 0x00, 0x00, 0x00, 0x20, 0x00, 0x00, 0x00, 0x3c, 0x00, 0x00, 0x00,
  0x0a, 0x00, 0x00, 0x00, 0x00, 0x00, 0x00, 0x09, 0x90, 0x00, 0x00, 0x00,
  0x02, 0x00, 0x00, 0x00, 0xff, 0xff, 0xff, 0xff, 0x20, 0x00, 0x00, 0x00,
  0x64, 0xe7, 0xff, 0xff, 0x08, 0x00, 0x00, 0x00, 0x10, 0x00, 0x00, 0x00,
  0x01, 0x00, 0x00, 0x00, 0x80, 0xff, 0xff, 0xff, 0xff, 0xff, 0xff, 0xff,
  0x01, 0x00, 0x00, 0x00, 0xfe, 0xac, 0x25, 0x3c, 0x5b, 0x00, 0x00, 0x00,
  0x73, 0x65, 0x71, 0x75, 0x65, 0x6e, 0x74, 0x69, 0x61, 0x6c, 0x5f, 0x31,
  0x2f, 0x68, 0x69, 0x64, 0x64, 0x65, 0x6e, 0x5f, 0x31, 0x5f, 0x31, 0x2f,
  0x4d, 0x61, 0x74, 0x4d, 0x75, 0x6c, 0x3b, 0x73, 0x65, 0x71, 0x75, 0x65,
  0x6e, 0x74, 0x69, 0x61, 0x6c, 0x5f, 0x31, 0x2f, 0x68, 0x69, 0x64, 0x64,
  0x65, 0x6e, 0x5f, 0x31, 0x5f, 0x31, 0x2f, 0x52, 0x65, 0x6c, 0x75, 0x3b,
  0x73, 0x65, 0x71, 0x75, 0x65, 0x6e, 0x74, 0x69, 0x61, 0x6c, 0x5f, 0x31,
  0x2f, 0x68, 0x69, 0x64, 0x64, 0x65, 0x6e, 0x5f, 0x31, 0x5f, 0x31, 0x2f,
  0x42, 0x69, 0x61, 0x73, 0x41, 0x64, 0x64, 0x00, 0x02, 0x00, 0x00, 0x00,
  0x01, 0x00, 0x00, 0x00, 0x20, 0x00, 0x00, 0x00, 0xa6, 0xe8, 0xff, 0xff,
  0x00, 0x00, 0x00, 0x01, 0x14, 0x00, 0x00, 0x00, 0xa8, 0x01, 0x00, 0x00,
  0x09, 0x00, 0x00, 0x00, 0x00, 0x00, 0x00, 0x09, 0xb4, 0x01, 0x00, 0x00,
  0x0c, 0xe8, 0xff, 0xff, 0x08, 0x00, 0x00, 0x00, 0x0c, 0x01, 0x00, 0x00,
  0x20, 0x00, 0x00, 0x00, 0x00, 0x00, 0x00, 0x00, 0x00, 0x00, 0x00, 0x00,
  0x00, 0x00, 0x00, 0x00, 0x00, 0x00, 0x00, 0x00, 0x00, 0x00, 0x00, 0x00,
  0x00, 0x00, 0x00, 0x00, 0x00, 0x00, 0x00, 0x00, 0x00, 0x00, 0x00, 0x00,
  0x00, 0x00, 0x00, 0x00, 0x00, 0x00, 0x00, 0x00, 0x00, 0x00, 0x00, 0x00,
  0x00, 0x00, 0x00, 0x00, 0x00, 0x00, 0x00, 0x00, 0x00, 0x00, 0x00, 0x00,
  0x00, 0x00, 0x00, 0x00, 0x00, 0x00, 0x00, 0x00, 0x00, 0x00, 0x00, 0x00,
  0x00, 0x00, 0x00, 0x00, 0x00, 0x00, 0x00, 0x00, 0x00, 0x00, 0x00, 0x00,
  0x00, 0x00, 0x00, 0x00, 0x00, 0x00, 0x00, 0x00, 0x00, 0x00, 0x00, 0x00,
  0x00, 0x00, 0x00, 0x00, 0x00, 0x00, 0x00, 0x00, 0x00, 0x00, 0x00, 0x00,
  0x00, 0x00, 0x00, 0x00, 0x00, 0x00, 0x00, 0x00, 0x00, 0x00, 0x00, 0x00,
  0x00, 0x00, 0x00, 0x00, 0x00, 0x00, 0x00, 0x00, 0x00, 0x00, 0x00, 0x00,
  0x00, 0x00, 0x00, 0x00, 0x00, 0x00, 0x00, 0x00, 0x00, 0x00, 0x00, 0x00,
  0x00, 0x00, 0x00, 0x00, 0x00, 0x00, 0x00, 0x00, 0x00, 0x00, 0x00, 0x00,
  0x00, 0x00, 0x00, 0x00, 0x00, 0x00, 0x00, 0x00, 0x00, 0x00, 0x00, 0x00,
  0x00, 0x00, 0x00, 0x00, 0x00, 0x00, 0x00, 0x00, 0x00, 0x00, 0x00, 0x00,
  0x00, 0x00, 0x00, 0x00, 0x00, 0x00, 0x00, 0x00, 0x00, 0x00, 0x00, 0x00,
  0x00, 0x00, 0x00, 0x00, 0x00, 0x00, 0x00, 0x00, 0x00, 0x00, 0x00, 0x00,
  0x00, 0x00, 0x00, 0x00, 0x00, 0x00, 0x00, 0x00, 0x00, 0x00, 0x00, 0x00,
  0x00, 0x00, 0x00, 0x00, 0x00, 0x00, 0x00, 0x00, 0x00, 0x00, 0x00, 0x00,
  0x00, 0x00, 0x00, 0x00, 0x00, 0x00, 0x00, 0x00, 0x00, 0x00, 0x00, 0x00,
  0x00, 0x00, 0x00, 0x00, 0x00, 0x00, 0x00, 0x00, 0x00, 0x00, 0x00, 0x00,
  0x00, 0x00, 0x00, 0x00, 0x00, 0x00, 0x00, 0x00, 0x00, 0x00, 0x00, 0x00,
  0x20, 0x00, 0x00, 0x00, 0xfc, 0x62, 0x17, 0x3b, 0x71, 0x8a, 0x95, 0x3a,
  0xdc, 0xb5, 0x78, 0x3a, 0x1b, 0x21, 0x48, 0x3b, 0x19, 0xaf, 0x39, 0x3b,
  0x3c, 0xc8, 0x93, 0x3a, 0x70, 0x24, 0x52, 0x3b, 0x99, 0x24, 0x12, 0x3b,
  0x8a, 0x74, 0x18, 0x3a, 0x0e, 0xcc, 0x67, 0x3a, 0x97, 0x01, 0x36, 0x3b,
  0x5d, 0xda, 0xbc, 0x39, 0xe6, 0x5c, 0x4f, 0x3b, 0x5b, 0xd5, 0x50, 0x39,
  0xba, 0x09, 0x81, 0x38, 0xed, 0xb7, 0xe6, 0x3a, 0x01, 0xc0, 0x53, 0x3b,
  0xfa, 0x5f, 0x07, 0x3b, 0x1e, 0x73, 0x05, 0x3a, 0x09, 0xce, 0x3e, 0x3b,
  0x54, 0x78, 0x4b, 0x3b, 0x11, 0x6d, 0x21, 0x3b, 0x4a, 0xea, 0x3a, 0x3b,
  0xb2, 0xff, 0xd0, 0x3a, 0x76, 0x9f, 0x21, 0x3b, 0x3e, 0xf0, 0x23, 0x3b,
  0x06, 0xc7, 0x84, 0x39, 0x4c, 0xb1, 0x22, 0x3a, 0x94, 0x05, 0xb3, 0x39,
  0x5d, 0xf3, 0x03, 0x3b, 0x4c, 0x83, 0xff, 0x3a, 0x09, 0x62, 0x53, 0x3b,
  0x12, 0x00, 0x00, 0x00, 0x74, 0x66, 0x6c, 0x2e, 0x70, 0x73, 0x65, 0x75,
  0x64, 0x6f, 0x5f, 0x71, 0x63, 0x6f, 0x6e, 0x73, 0x74, 0x37, 0x00, 0x00,
  0x02, 0x00, 0x00, 0x00, 0x20, 0x00, 0x00, 0x00, 0x01, 0x00, 0x00, 0x00,
  0x7e, 0xea, 0xff, 0xff, 0x00, 0x00, 0x00, 0x01, 0x14, 0x00, 0x00, 0x00,
  0xa4, 0x01, 0x00, 0x00, 0x08, 0x00, 0x00, 0x00, 0x00, 0x00, 0x00, 0x02,
  0xb0, 0x01, 0x00, 0x00, 0xe4, 0xe9, 0xff, 0xff, 0x08, 0x00, 0x00, 0x00,
  0x08, 0x01, 0x00, 0x00, 0x20, 0x00, 0x00, 0x00, 0x00, 0x00, 0x00, 0x00,
  0x00, 0x00, 0x00, 0x00, 0x00, 0x00, 0x00, 0x00, 0x00, 0x00, 0x00, 0x00,
  0x00, 0x00, 0x00, 0x00, 0x00, 0x00, 0x00, 0x00, 0x00, 0x00, 0x00, 0x00,
  0x00, 0x00, 0x00, 0x00, 0x00, 0x00, 0x00, 0x00, 0x00, 0x00, 0x00, 0x00,
  0x00, 0x00, 0x00, 0x00, 0x00, 0x00, 0x00, 0x00, 0x00, 0x00, 0x00, 0x00,
  0x00, 0x00, 0x00, 0x00, 0x00, 0x00, 0x00, 0x00, 0x00, 0x00, 0x00, 0x00,
  0x00, 0x00, 0x00, 0x00, 0x00, 0x00, 0x00, 0x00, 0x00, 0x00, 0x00, 0x00,
  0x00, 0x00, 0x00, 0x00, 0x00, 0x00, 0x00, 0x00, 0x00, 0x00, 0x00, 0x00,
  0x00, 0x00, 0x00, 0x00, 0x00, 0x00, 0x00, 0x00, 0x00, 0x00, 0x00, 0x00,
  0x00, 0x00, 0x00, 0x00, 0x00, 0x00, 0x00, 0x00, 0x00, 0x00, 0x00, 0x00,
  0x00, 0x00, 0x00, 0x00, 0x00, 0x00, 0x00, 0x00, 0x00, 0x00, 0x00, 0x00,
  0x00, 0x00, 0x00, 0x00, 0x00, 0x00, 0x00, 0x00, 0x00, 0x00, 0x00, 0x00,
  0x00, 0x00, 0x00, 0x00, 0x00, 0x00, 0x00, 0x00, 0x00, 0x00, 0x00, 0x00,
  0x00, 0x00, 0x00, 0x00, 0x00, 0x00, 0x00, 0x00, 0x00, 0x00, 0x00, 0x00,
  0x00, 0x00, 0x00, 0x00, 0x00, 0x00, 0x00, 0x00, 0x00, 0x00, 0x00, 0x00,
  0x00, 0x00, 0x00, 0x00, 0x00, 0x00, 0x00, 0x00, 0x00, 0x00, 0x00, 0x00,
  0x00, 0x00, 0x00, 0x00, 0x00, 0x00, 0x00, 0x00, 0x00, 0x00, 0x00, 0x00,
  0x00, 0x00, 0x00, 0x00, 0x00, 0x00, 0x00, 0x00, 0x00, 0x00, 0x00, 0x00,
  0x00, 0x00, 0x00, 0x00, 0x00, 0x00, 0x00, 0x00, 0x00, 0x00, 0x00, 0x00,
  0x00, 0x00, 0x00, 0x00, 0x00, 0x00, 0x00, 0x00, 0x00, 0x00, 0x00, 0x00,
  0x00, 0x00, 0x00, 0x00, 0x00, 0x00, 0x00, 0x00, 0x00, 0x00, 0x00, 0x00,
  0x00, 0x00, 0x00, 0x00, 0x00, 0x00, 0x00, 0x00, 0x00, 0x00, 0x00, 0x00,
  0x20, 0x00, 0x00, 0x00, 0xec, 0x55, 0x6e, 0x38, 0xfa, 0x6d, 0xeb, 0x37,
  0x55, 0xc7, 0xc3, 0x37, 0x6e, 0x89, 0x9d, 0x38, 0x73, 0x2a, 0x92, 0x38,
  0x31, 0xa9, 0xe8, 0x37, 0x38, 0x6b, 0xa5, 0x38, 0x89, 0x14, 0x66, 0x38,
  0x98, 0x04, 0x70, 0x37, 0x05, 0x77, 0xb6, 0x37, 0x51, 0x45, 0x8f, 0x38,
  0x0f, 0xa9, 0x14, 0x37, 0x1d, 0x3b, 0xa3, 0x38, 0x74, 0x63, 0xa4, 0x36,
  0xa9, 0x26, 0xcb, 0x35, 0xa8, 0x9d, 0x35, 0x38, 0x32, 0xaf, 0xa6, 0x38,
  0xa6, 0x20, 0x55, 0x38, 0xb7, 0x18, 0x52, 0x37, 0x63, 0x32, 0x96, 0x38,
  0xa4, 0x2a, 0xa0, 0x38, 0x22, 0x24, 0x7e, 0x38, 0x8f, 0x22, 0x93, 0x38,
  0xc8, 0x84, 0x24, 0x38, 0x79, 0x73, 0x7e, 0x38, 0x5c, 0x0c, 0x81, 0x38,
  0xc8, 0x09, 0xd1, 0x36, 0x4b, 0x11, 0x80, 0x37, 0xe8, 0xeb, 0x0c, 0x37,
  0x8d, 0xbc, 0x4f, 0x38, 0x26, 0x22, 0x49, 0x38, 0x3a, 0x65, 0xa6, 0x38,
  0x12, 0x00, 0x00, 0x00, 0x74, 0x66, 0x6c, 0x2e, 0x70, 0x73, 0x65, 0x75,
  0x64, 0x6f, 0x5f, 0x71, 0x63, 0x6f, 0x6e, 0x73, 0x74, 0x36, 0x00, 0x00,
  0x01, 0x00, 0x00, 0x00, 0x20, 0x00, 0x00, 0x00, 0x4e, 0xec, 0xff, 0xff,
  0x00, 0x00, 0x00, 0x01, 0x14, 0x00, 0x00, 0x00, 0x28, 0x03, 0x00, 0x00,
  0x07, 0x00, 0x00, 0x00, 0x00, 0x00, 0x00, 0x09, 0x34, 0x03, 0x00, 0x00,
  0xb4, 0xeb, 0xff, 0xff, 0x08, 0x00, 0x00, 0x00, 0x0c, 0x02, 0x00, 0x00,
  0x40, 0x00, 0x00, 0x00, 0x00, 0x00, 0x00, 0x00, 0x00, 0x00, 0x00, 0x00,
  0x00, 0x00, 0x00, 0x00, 0x00, 0x00, 0x00, 0x00, 0x00, 0x00, 0x00, 0x00,
  0x00, 0x00, 0x00, 0x00, 0x00, 0x00, 0x00, 0x00, 0x00, 0x00, 0x00, 0x00,
  0x00, 0x00, 0x00, 0x00, 0x00, 0x00, 0x00, 0x00, 0x00, 0x00, 0x00, 0x00,
  0x00, 0x00, 0x00, 0x00, 0x00, 0x00, 0x00, 0x00, 0x00, 0x00, 0x00, 0x00,
  0x00, 0x00, 0x00, 0x00, 0x00, 0x00, 0x00, 0x00, 0x00, 0x00, 0x00, 0x00,
  0x00, 0x00, 0x00, 0x00, 0x00, 0x00, 0x00, 0x00, 0x00, 0x00, 0x00, 0x00,
  0x00, 0x00, 0x00, 0x00, 0x00, 0x00, 0x00, 0x00, 0x00, 0x00, 0x00, 0x00,
  0x00, 0x00, 0x00, 0x00, 0x00, 0x00, 0x00, 0x00, 0x00, 0x00, 0x00, 0x00,
  0x00, 0x00, 0x00, 0x00, 0x00, 0x00, 0x00, 0x00, 0x00, 0x00, 0x00, 0x00,
  0x00, 0x00, 0x00, 0x00, 0x00, 0x00, 0x00, 0x00, 0x00, 0x00, 0x00, 0x00,
  0x00, 0x00, 0x00, 0x00, 0x00, 0x00, 0x00, 0x00, 0x00, 0x00, 0x00, 0x00,
  0x00, 0x00, 0x00, 0x00, 0x00, 0x00, 0x00, 0x00, 0x00, 0x00, 0x00, 0x00,
  0x00, 0x00, 0x00, 0x00, 0x00, 0x00, 0x00, 0x00, 0x00, 0x00, 0x00, 0x00,
  0x00, 0x00, 0x00, 0x00, 0x00, 0x00, 0x00, 0x00, 0x00, 0x00, 0x00, 0x00,
  0x00, 0x00, 0x00, 0x00, 0x00, 0x00, 0x00, 0x00, 0x00, 0x00, 0x00, 0x00,
  0x00, 0x00, 0x00, 0x00, 0x00, 0x00, 0x00, 0x00, 0x00, 0x00, 0x00, 0x00,
  0x00, 0x00, 0x00, 0x00, 0x00, 0x00, 0x00, 0x00, 0x00, 0x00, 0x00, 0x00,
  0x00, 0x00, 0x00, 0x00, 0x00, 0x00, 0x00, 0x00, 0x00, 0x00, 0x00, 0x00,
  0x00, 0x00, 0x00, 0x00, 0x00, 0x00, 0x00, 0x00, 0x00, 0x00, 0x00, 0x00,
  0x00, 0x00, 0x00, 0x00, 0x00, 0x00, 0x00, 0x00, 0x00, 0x00, 0x00, 0x00,
  0x00, 0x00, 0x00, 0x00, 0x00, 0x00, 0x00, 0x00, 0x00, 0x00, 0x00, 0x00,
  0x00, 0x00, 0x00, 0x00, 0x00, 0x00, 0x00, 0x00, 0x00, 0x00, 0x00, 0x00,
  0x00, 0x00, 0x00, 0x00, 0x00, 0x00, 0x00, 0x00, 0x00, 0x00, 0x00, 0x00,
  0x00, 0x00, 0x00, 0x00, 0x00, 0x00, 0x00, 0x00, 0x00, 0x00, 0x00, 0x00,
  0x00, 0x00, 0x00, 0x00, 0x00, 0x00, 0x00, 0x00, 0x00, 0x00, 0x00, 0x00,
  0x00, 0x00, 0x00, 0x00, 0x00, 0x00, 0x00, 0x00, 0x00, 0x00, 0x00, 0x00,
  0x00, 0x00, 0x00, 0x00, 0x00, 0x00, 0x00, 0x00, 0x00, 0x00, 0x00, 0x00,
  0x00, 0x00, 0x00, 0x00, 0x00, 0x00, 0x00, 0x00, 0x00, 0x00, 0x00, 0x00,
  0x00, 0x00, 0x00, 0x00, 0x00, 0x00, 0x00, 0x00, 0x00, 0x00, 0x00, 0x00,
  0x00, 0x00, 0x00, 0x00, 0x00, 0x00, 0x00, 0x00, 0x00, 0x00, 0x00, 0x00,
  0x00, 0x00, 0x00, 0x00, 0x00, 0x00, 0x00, 0x00, 0x00, 0x00, 0x00, 0x00,
  0x00, 0x00, 0x00, 0x00, 0x00, 0x00, 0x00, 0x00, 0x00, 0x00, 0x00, 0x00,
  0x00, 0x00, 0x00, 0x00, 0x00, 0x00, 0x00, 0x00, 0x00, 0x00, 0x00, 0x00,
  0x00, 0x00, 0x00, 0x00, 0x00, 0x00, 0x00, 0x00, 0x00, 0x00, 0x00, 0x00,
  0x00, 0x00, 0x00, 0x00, 0x00, 0x00, 0x00, 0x00, 0x00, 0x00, 0x00, 0x00,
  0x00, 0x00, 0x00, 0x00, 0x00, 0x00, 0x00, 0x00, 0x00, 0x00, 0x00, 0x00,
  0x00, 0x00, 0x00, 0x00, 0x00, 0x00, 0x00, 0x00, 0x00, 0x00, 0x00, 0x00,
  0x00, 0x00, 0x00, 0x00, 0x00, 0x00, 0x00, 0x00, 0x00, 0x00, 0x00, 0x00,
  0x00, 0x00, 0x00, 0x00, 0x00, 0x00, 0x00, 0x00, 0x00, 0x00, 0x00, 0x00,
  0x00, 0x00, 0x00, 0x00, 0x00, 0x00, 0x00, 0x00, 0x00, 0x00, 0x00, 0x00,
  0x00, 0x00, 0x00, 0x00, 0x00, 0x00, 0x00, 0x00, 0x00, 0x00, 0x00, 0x00,
  0x00, 0x00, 0x00, 0x00, 0x00, 0x00, 0x00, 0x00, 0x00, 0x00, 0x00, 0x00,
  0x00, 0x00, 0x00, 0x00, 0x40, 0x00, 0x00, 0x00, 0x31, 0x26, 0x34, 0x3b,
  0x6a, 0x5d, 0x02, 0x3b, 0x43, 0x8f, 0xf4, 0x3a, 0x2c, 0xfb, 0x3b, 0x3b,
  0x2c, 0x5d, 0x29, 0x3b, 0x16, 0xdb, 0xff, 0x3a, 0xb5, 0x29, 0x0d, 0x3b,
  0x26, 0x29, 0xfe, 0x3a, 0xf3, 0x26, 0x02, 0x3b, 0x39, 0x7b, 0x45, 0x3b,
  0xbf, 0xf3, 0xff, 0x3a, 0x07, 0xf1, 0x39, 0x3b, 0xfb, 0x2c, 0x1f, 0x3b,
  0x75, 0x56, 0xf5, 0x3a, 0x17, 0x7a, 0x52, 0x3b, 0x4f, 0x49, 0xf9, 0x3a,
  0xcf, 0x2b, 0x35, 0x3b, 0x8c, 0x63, 0x18, 0x3b, 0x33, 0x5f, 0x14, 0x3b,
  0x27, 0x36, 0xf3, 0x3a, 0x77, 0x35, 0xf0, 0x3a, 0x7e, 0x52, 0x1c, 0x3b,
  0xf0, 0x5e, 0xed, 0x3a, 0x34, 0x94, 0xfa, 0x3a, 0x91, 0xf6, 0xed, 0x3a,
  0x96, 0x3e, 0xfc, 0x3a, 0xf4, 0xa7, 0x63, 0x3b, 0x26, 0x4f, 0xfb, 0x3a,
  0xd1, 0xee, 0x23, 0x3b, 0x36, 0x2b, 0x12, 0x3b, 0x69, 0x1e, 0xdc, 0x3a,
  0x43, 0xb9, 0x03, 0x3b, 0x21, 0xb9, 0x0e, 0x3b, 0x8d, 0x20, 0xfb, 0x3a,
  0x12, 0x85, 0xfb, 0x3a, 0x73, 0xd9, 0x6c, 0x3b, 0x55, 0x56, 0xf9, 0x3a,
  0x8d, 0x52, 0xff, 0x3a, 0xcc, 0x87, 0xe2, 0x3a, 0xf2, 0xd7, 0x00, 0x3b,
  0xf5, 0x24, 0x02, 0x3b, 0x59, 0x16, 0x18, 0x3b, 0x44, 0xeb, 0x1d, 0x3b,
  0x24, 0xcf, 0x3e, 0x3b, 0x7e, 0x03, 0x20, 0x3b, 0x13, 0x92, 0x36, 0x3b,
  0x32, 0xf9, 0x06, 0x3b, 0xd1, 0xbb, 0xf2, 0x3a, 0x0a, 0x17, 0x87, 0x3b,
  0x95, 0xeb, 0x02, 0x3b, 0x32, 0x3b, 0x17, 0x3b, 0x9b, 0x6a, 0x04, 0x3b,
  0x24, 0x92, 0x09, 0x3b, 0x49, 0x4a, 0xfe, 0x3a, 0xb3, 0x85, 0xf0, 0x3a,
  0x33, 0xd2, 0x89, 0x3b, 0x41, 0x1a, 0xf1, 0x3a, 0x38, 0x1b, 0x35, 0x3b,
  0xab, 0x81, 0xe2, 0x3a, 0xea, 0x97, 0x00, 0x3b, 0x6f, 0xb2, 0x7d, 0x3b,
  0x6d, 0x58, 0xf8, 0x3a, 0x67, 0x9f, 0x81, 0x3b, 0x4d, 0xb7, 0x07, 0x3b,
  0x12, 0x00, 0x00, 0x00, 0x74, 0x66, 0x6c, 0x2e, 0x70, 0x73, 0x65, 0x75,
  0x64, 0x6f, 0x5f, 0x71, 0x63, 0x6f, 0x6e, 0x73, 0x74, 0x35, 0x00, 0x00,
  0x02, 0x00, 0x00, 0x00, 0x40, 0x00, 0x00, 0x00, 0x20, 0x00, 0x00, 0x00,
  0xa6, 0xef, 0xff, 0xff, 0x00, 0x00, 0x00, 0x01, 0x14, 0x00, 0x00, 0x00,
  0x24, 0x03, 0x00, 0x00, 0x06, 0x00, 0x00, 0x00, 0x00, 0x00, 0x00, 0x02,
  0x30, 0x03, 0x00, 0x00, 0x0c, 0xef, 0xff, 0xff, 0x08, 0x00, 0x00, 0x00,
  0x08, 0x02, 0x00, 0x00, 0x40, 0x00, 0x00, 0x00, 0x00, 0x00, 0x00, 0x00,
  0x00, 0x00, 0x00, 0x00, 0x00, 0x00, 0x00, 0x00, 0x00, 0x00, 0x00, 0x00,
  0x00, 0x00, 0x00, 0x00, 0x00, 0x00, 0x00, 0x00, 0x00, 0x00, 0x00, 0x00,
  0x00, 0x00, 0x00, 0x00, 0x00, 0x00, 0x00, 0x00, 0x00, 0x00, 0x00, 0x00,
  0x00, 0x00, 0x00, 0x00, 0x00, 0x00, 0x00, 0x00, 0x00, 0x00, 0x00, 0x00,
  0x00, 0x00, 0x00, 0x00, 0x00, 0x00, 0x00, 0x00, 0x00, 0x00, 0x00, 0x00,
  0x00, 0x00, 0x00, 0x00, 0x00, 0x00, 0x00, 0x00, 0x00, 0x00, 0x00, 0x00,
  0x00, 0x00, 0x00, 0x00, 0x00, 0x00, 0x00, 0x00, 0x00, 0x00, 0x00, 0x00,
  0x00, 0x00, 0x00, 0x00, 0x00, 0x00, 0x00, 0x00, 0x00, 0x00, 0x00, 0x00,
  0x00, 0x00, 0x00, 0x00, 0x00, 0x00, 0x00, 0x00, 0x00, 0x00, 0x00, 0x00,
  0x00, 0x00, 0x00, 0x00, 0x00, 0x00, 0x00, 0x00, 0x00, 0x00, 0x00, 0x00,
  0x00, 0x00, 0x00, 0x00, 0x00, 0x00, 0x00, 0x00, 0x00, 0x00, 0x00, 0x00,
  0x00, 0x00, 0x00, 0x00, 0x00, 0x00, 0x00, 0x00, 0x00, 0x00, 0x00, 0x00,
  0x00, 0x00, 0x00, 0x00, 0x00, 0x00, 0x00, 0x00, 0x00, 0x00, 0x00, 0x00,
  0x00, 0x00, 0x00, 0x00, 0x00, 0x00, 0x00, 0x00, 0x00, 0x00, 0x00, 0x00,
  0x00, 0x00, 0x00, 0x00, 0x00, 0x00, 0x00, 0x00, 0x00, 0x00, 0x00, 0x00,
  0x00, 0x00, 0x00, 0x00, 0x00, 0x00, 0x00, 0x00, 0x00, 0x00, 0x00, 0x00,
  0x00, 0x00, 0x00, 0x00, 0x00, 0x00, 0x00, 0x00, 0x00, 0x00, 0x00, 0x00,
  0x00, 0x00, 0x00, 0x00, 0x00, 0x00, 0x00, 0x00, 0x00, 0x00, 0x00, 0x00,
  0x00, 0x00, 0x00, 0x00, 0x00, 0x00, 0x00, 0x00, 0x00, 0x00, 0x00, 0x00,
  0x00, 0x00, 0x00, 0x00, 0x00, 0x00, 0x00, 0x00, 0x00, 0x00, 0x00, 0x00,
  0x00, 0x00, 0x00, 0x00, 0x00, 0x00, 0x00, 0x00, 0x00, 0x00, 0x00, 0x00,
  0x00, 0x00, 0x00, 0x00, 0x00, 0x00, 0x00, 0x00, 0x00, 0x00, 0x00, 0x00,
  0x00, 0x00, 0x00, 0x00, 0x00, 0x00, 0x00, 0x00, 0x00, 0x00, 0x00, 0x00,
  0x00, 0x00, 0x00, 0x00, 0x00, 0x00, 0x00, 0x00, 0x00, 0x00, 0x00, 0x00,
  0x00, 0x00, 0x00, 0x00, 0x00, 0x00, 0x00, 0x00, 0x00, 0x00, 0x00, 0x00,
  0x00, 0x00, 0x00, 0x00, 0x00, 0x00, 0x00, 0x00, 0x00, 0x00, 0x00, 0x00,
  0x00, 0x00, 0x00, 0x00, 0x00, 0x00, 0x00, 0x00, 0x00, 0x00, 0x00, 0x00,
  0x00, 0x00, 0x00, 0x00, 0x00, 0x00, 0x00, 0x00, 0x00, 0x00, 0x00, 0x00,
  0x00, 0x00, 0x00, 0x00, 0x00, 0x00, 0x00, 0x00, 0x00, 0x00, 0x00, 0x00,
  0x00, 0x00, 0x00, 0x00, 0x00, 0x00, 0x00, 0x00, 0x00, 0x00, 0x00, 0x00,
  0x00, 0x00, 0x00, 0x00, 0x00, 0x00, 0x00, 0x00, 0x00, 0x00, 0x00, 0x00,
  0x00, 0x00, 0x00, 0x00, 0x00, 0x00, 0x00, 0x00, 0x00, 0x00, 0x00, 0x00,
  0x00, 0x00, 0x00, 0x00, 0x00, 0x00, 0x00, 0x00, 0x00, 0x00, 0x00, 0x00,
  0x00, 0x00, 0x00, 0x00, 0x00, 0x00, 0x00, 0x00, 0x00, 0x00, 0x00, 0x00,
  0x00, 0x00, 0x00, 0x00, 0x00, 0x00, 0x00, 0x00, 0x00, 0x00, 0x00, 0x00,
  0x00, 0x00, 0x00, 0x00, 0x00, 0x00, 0x00, 0x00, 0x00, 0x00, 0x00, 0x00,
  0x00, 0x00, 0x00, 0x00, 0x00, 0x00, 0x00, 0x00, 0x00, 0x00, 0x00, 0x00,
  0x00, 0x00, 0x00, 0x00, 0x00, 0x00, 0x00, 0x00, 0x00, 0x00, 0x00, 0x00,
  0x00, 0x00, 0x00, 0x00, 0x00, 0x00, 0x00, 0x00, 0x00, 0x00, 0x00, 0x00,
  0x00, 0x00, 0x00, 0x00, 0x00, 0x00, 0x00, 0x00, 0x00, 0x00, 0x00, 0x00,
  0x00, 0x00, 0x00, 0x00, 0x00, 0x00, 0x00, 0x00, 0x00, 0x00, 0x00, 0x00,
  0x00, 0x00, 0x00, 0x00, 0x00, 0x00, 0x00, 0x00, 0x00, 0x00, 0x00, 0x00,
  0x00, 0x00, 0x00, 0x00, 0x40, 0x00, 0x00, 0x00, 0xb4, 0x2c, 0xe9, 0x37,
  0x9b, 0xbc, 0xa8, 0x37, 0x99, 0x45, 0x9e, 0x37, 0xd5, 0x4f, 0xf3, 0x37,
  0x00, 0x37, 0xdb, 0x37, 0x1a, 0x95, 0xa5, 0x37, 0x8b, 0xb6, 0xb6, 0x37,
  0x45, 0x7c, 0xa4, 0x37, 0x1c, 0x76, 0xa8, 0x37, 0xbd, 0x9b, 0xff, 0x37,
  0x10, 0xa5, 0xa5, 0x37, 0x00, 0xac, 0xf0, 0x37, 0x1c, 0x07, 0xce, 0x37,
  0x83, 0xc6, 0x9e, 0x37, 0xec, 0x36, 0x08, 0x38, 0xb5, 0x54, 0xa1, 0x37,
  0x53, 0x7f, 0xea, 0x37, 0x47, 0x3e, 0xc5, 0x37, 0x3e, 0x0b, 0xc0, 0x37,
  0x41, 0x66, 0x9d, 0x37, 0xc8, 0x74, 0x9b, 0x37, 0x9b, 0x55, 0xca, 0x37,
  0x98, 0x9e, 0x99, 0x37, 0xda, 0x2a, 0xa2, 0x37, 0xb9, 0x00, 0x9a, 0x37,
  0xcb, 0x3e, 0xa3, 0x37, 0x17, 0x55, 0x13, 0x38, 0xd6, 0xa3, 0xa2, 0x37,
  0x68, 0x2f, 0xd4, 0x37, 0x40, 0x31, 0xbd, 0x37, 0x59, 0x74, 0x8e, 0x37,
  0xd7, 0x7e, 0xaa, 0x37, 0x89, 0xbb, 0xb8, 0x37, 0xae, 0x85, 0xa2, 0x37,
  0xbc, 0xc6, 0xa2, 0x37, 0x34, 0x48, 0x19, 0x38, 0x22, 0x5d, 0xa1, 0x37,
  0xbe, 0x3c, 0xa5, 0x37, 0x9a, 0x9a, 0x92, 0x37, 0x80, 0xc4, 0xa6, 0x37,
  0x88, 0x73, 0xa8, 0x37, 0x5b, 0xda, 0xc4, 0x37, 0xb3, 0x66, 0xcc, 0x37,
  0xe5, 0xf8, 0xf6, 0x37, 0xc3, 0x1c, 0xcf, 0x37, 0x0b, 0x4f, 0xec, 0x37,
  0xa5, 0xb3, 0xae, 0x37, 0x15, 0x17, 0x9d, 0x37, 0x46, 0xda, 0x2e, 0x38,
  0x9e, 0x74, 0xa9, 0x37, 0xb2, 0xbe, 0xc3, 0x37, 0x62, 0x64, 0xab, 0x37,
  0x50, 0x10, 0xb2, 0x37, 0xb7, 0x91, 0xa4, 0x37, 0xb5, 0xa8, 0x9b, 0x37,
  0x3a, 0x63, 0x32, 0x38, 0xd9, 0x08, 0x9c, 0x37, 0xda, 0x69, 0xea, 0x37,
  0xa3, 0x96, 0x92, 0x37, 0x9f, 0x71, 0xa6, 0x37, 0x71, 0x2f, 0x24, 0x38,
  0xd0, 0xb8, 0xa0, 0x37, 0xaa, 0xc6, 0x27, 0x38, 0xb5, 0xa9, 0xaf, 0x37,
  0x12, 0x00, 0x00, 0x00, 0x74, 0x66, 0x6c, 0x2e, 0x70, 0x73, 0x65, 0x75,
  0x64, 0x6f, 0x5f, 0x71, 0x63, 0x6f, 0x6e, 0x73, 0x74, 0x34, 0x00, 0x00,
  0x01, 0x00, 0x00, 0x00, 0x40, 0x00, 0x00, 0x00, 0xf6, 0xf2, 0xff, 0xff,
  0x00, 0x00, 0x00, 0x01, 0x14, 0x00, 0x00, 0x00, 0x28, 0x06, 0x00, 0x00,
  0x05, 0x00, 0x00, 0x00, 0x00, 0x00, 0x00, 0x09, 0x34, 0x06, 0x00, 0x00,
  0x5c, 0xf2, 0xff, 0xff, 0x08, 0x00, 0x00, 0x00, 0x0c, 0x04, 0x00, 0x00,
  0x80, 0x00, 0x00, 0x00, 0x00, 0x00, 0x00, 0x00, 0x00, 0x00, 0x00, 0x00,
  0x00, 0x00, 0x00, 0x00, 0x00, 0x00, 0x00, 0x00, 0x00, 0x00, 0x00, 0x00,
  0x00, 0x00, 0x00, 0x00, 0x00, 0x00, 0x00, 0x00, 0x00, 0x00, 0x00, 0x00,
  0x00, 0x00, 0x00, 0x00, 0x00, 0x00, 0x00, 0x00, 0x00, 0x00, 0x00, 0x00,
  0x00, 0x00, 0x00, 0x00, 0x00, 0x00, 0x00, 0x00, 0x00, 0x00, 0x00, 0x00,
  0x00, 0x00, 0x00, 0x00, 0x00, 0x00, 0x00, 0x00, 0x00, 0x00, 0x00, 0x00,
  0x00, 0x00, 0x00, 0x00, 0x00, 0x00, 0x00, 0x00, 0x00, 0x00, 0x00, 0x00,
  0x00, 0x00, 0x00, 0x00, 0x00, 0x00, 0x00, 0x00, 0x00, 0x00, 0x00, 0x00,
  0x00, 0x00, 0x00, 0x00, 0x00, 0x00, 0x00, 0x00, 0x00, 0x00, 0x00, 0x00,
  0x00, 0x00, 0x00, 0x00, 0x00, 0x00, 0x00, 0x00, 0x00, 0x00, 0x00, 0x00,
  0x00, 0x00, 0x00, 0x00, 0x00, 0x00, 0x00, 0x00, 0x00, 0x00, 0x00, 0x00,
  0x00, 0x00, 0x00, 0x00, 0x00, 0x00, 0x00, 0x00, 0x00, 0x00, 0x00, 0x00,
  0x00, 0x00, 0x00, 0x00, 0x00, 0x00, 0x00, 0x00, 0x00, 0x00, 0x00, 0x00,
  0x00, 0x00, 0x00, 0x00, 0x00, 0x00, 0x00, 0x00, 0x00, 0x00, 0x00, 0x00,
  0x00, 0x00, 0x00, 0x00, 0x00, 0x00, 0x00, 0x00, 0x00, 0x00, 0x00, 0x00,
  0x00, 0x00, 0x00, 0x00, 0x00, 0x00, 0x00, 0x00, 0x00, 0x00, 0x00, 0x00,
  0x00, 0x00, 0x00, 0x00, 0x00, 0x00, 0x00, 0x00, 0x00, 0x00, 0x00, 0x00,
  0x00, 0x00, 0x00, 0x00, 0x00, 0x00, 0x00, 0x00, 0x00, 0x00, 0x00, 0x00,
  0x00, 0x00, 0x00, 0x00, 0x00, 0x00, 0x00, 0x00, 0x00, 0x00, 0x00, 0x00,
  0x00, 0x00, 0x00, 0x00, 0x00, 0x00, 0x00, 0x00, 0x00, 0x00, 0x00, 0x00,
  0x00, 0x00, 0x00, 0x00, 0x00, 0x00, 0x00, 0x00, 0x00, 0x00, 0x00, 0x00,
  0x00, 0x00, 0x00, 0x00, 0x00, 0x00, 0x00, 0x00, 0x00, 0x00, 0x00, 0x00,
  0x00, 0x00, 0x00, 0x00, 0x00, 0x00, 0x00, 0x00, 0x00, 0x00, 0x00, 0x00,
  0x00, 0x00, 0x00, 0x00, 0x00, 0x00, 0x00, 0x00, 0x00, 0x00, 0x00, 0x00,
  0x00, 0x00, 0x00, 0x00, 0x00, 0x00, 0x00, 0x00, 0x00, 0x00, 0x00, 0x00,
  0x00, 0x00, 0x00, 0x00, 0x00, 0x00, 0x00, 0x00, 0x00, 0x00, 0x00, 0x00,
  0x00, 0x00, 0x00, 0x00, 0x00, 0x00, 0x00, 0x00, 0x00, 0x00, 0x00, 0x00,
  0x00, 0x00, 0x00, 0x00, 0x00, 0x00, 0x00, 0x00, 0x00, 0x00, 0x00, 0x00,
  0x00, 0x00, 0x00, 0x00, 0x00, 0x00, 0x00, 0x00, 0x00, 0x00, 0x00, 0x00,
  0x00, 0x00, 0x00, 0x00, 0x00, 0x00, 0x00, 0x00, 0x00, 0x00, 0x00, 0x00,
  0x00, 0x00, 0x00, 0x00, 0x00, 0x00, 0x00, 0x00, 0x00, 0x00, 0x00, 0x00,
  0x00, 0x00, 0x00, 0x00, 0x00, 0x00, 0x00, 0x00, 0x00, 0x00, 0x00, 0x00,
  0x00, 0x00, 0x00, 0x00, 0x00, 0x00, 0x00, 0x00, 0x00, 0x00, 0x00, 0x00,
  0x00, 0x00, 0x00, 0x00, 0x00, 0x00, 0x00, 0x00, 0x00, 0x00, 0x00, 0x00,
  0x00, 0x00, 0x00, 0x00, 0x00, 0x00, 0x00, 0x00, 0x00, 0x00, 0x00, 0x00,
  0x00, 0x00, 0x00, 0x00, 0x00, 0x00, 0x00, 0x00, 0x00, 0x00, 0x00, 0x00,
  0x00, 0x00, 0x00, 0x00, 0x00, 0x00, 0x00, 0x00, 0x00, 0x00, 0x00, 0x00,
  0x00, 0x00, 0x00, 0x00, 0x00, 0x00, 0x00, 0x00, 0x00, 0x00, 0x00, 0x00,
  0x00, 0x00, 0x00, 0x00, 0x00, 0x00, 0x00, 0x00, 0x00, 0x00, 0x00, 0x00,
  0x00, 0x00, 0x00, 0x00, 0x00, 0x00, 0x00, 0x00, 0x00, 0x00, 0x00, 0x00,
  0x00, 0x00, 0x00, 0x00, 0x00, 0x00, 0x00, 0x00, 0x00, 0x00, 0x00, 0x00,
  0x00, 0x00, 0x00, 0x00, 0x00, 0x00, 0x00, 0x00, 0x00, 0x00, 0x00, 0x00,
  0x00, 0x00, 0x00, 0x00, 0x00, 0x00, 0x00, 0x00, 0x00, 0x00, 0x00, 0x00,
  0x00, 0x00, 0x00, 0x00, 0x00, 0x00, 0x00, 0x00, 0x00, 0x00, 0x00, 0x00,
  0x00, 0x00, 0x00, 0x00, 0x00, 0x00, 0x00, 0x00, 0x00, 0x00, 0x00, 0x00,
  0x00, 0x00, 0x00, 0x00, 0x00, 0x00, 0x00, 0x00, 0x00, 0x00, 0x00, 0x00,
  0x00, 0x00, 0x00, 0x00, 0x00, 0x00, 0x00, 0x00, 0x00, 0x00, 0x00, 0x00,
  0x00, 0x00, 0x00, 0x00, 0x00, 0x00, 0x00, 0x00, 0x00, 0x00, 0x00, 0x00,
  0x00, 0x00, 0x00, 0x00, 0x00, 0x00, 0x00, 0x00, 0x00, 0x00, 0x00, 0x00,
  0x00, 0x00, 0x00, 0x00, 0x00, 0x00, 0x00, 0x00, 0x00, 0x00, 0x00, 0x00,
  0x00, 0x00, 0x00, 0x00, 0x00, 0x00, 0x00, 0x00, 0x00, 0x00, 0x00, 0x00,
  0x00, 0x00, 0x00, 0x00, 0x00, 0x00, 0x00, 0x00, 0x00, 0x00, 0x00, 0x00,
  0x00, 0x00, 0x00, 0x00, 0x00, 0x00, 0x00, 0x00, 0x00, 0x00, 0x00, 0x00,
  0x00, 0x00, 0x00, 0x00, 0x00, 0x00, 0x00, 0x00, 0x00, 0x00, 0x00, 0x00,
  0x00, 0x00, 0x00, 0x00, 0x00, 0x00, 0x00, 0x00, 0x00, 0x00, 0x00, 0x00,
  0x00, 0x00, 0x00, 0x00, 0x00, 0x00, 0x00, 0x00, 0x00, 0x00, 0x00, 0x00,
  0x00, 0x00, 0x00, 0x00, 0x00, 0x00, 0x00, 0x00, 0x00, 0x00, 0x00, 0x00,
  0x00, 0x00, 0x00, 0x00, 0x00, 0x00, 0x00, 0x00, 0x00, 0x00, 0x00, 0x00,
  0x00, 0x00, 0x00, 0x00, 0x00, 0x00, 0x00, 0x00, 0x00, 0x00, 0x00, 0x00,
  0x00, 0x00, 0x00, 0x00, 0x00, 0x00, 0x00, 0x00, 0x00, 0x00, 0x00, 0x00,
  0x00, 0x00, 0x00, 0x00, 0x00, 0x00, 0x00, 0x00, 0x00, 0x00, 0x00, 0x00,
  0x00, 0x00, 0x00, 0x00, 0x00, 0x00, 0x00, 0x00, 0x00, 0x00, 0x00, 0x00,
  0x00, 0x00, 0x00, 0x00, 0x00, 0x00, 0x00, 0x00, 0x00, 0x00, 0x00, 0x00,
  0x00, 0x00, 0x00, 0x00, 0x00, 0x00, 0x00, 0x00, 0x00, 0x00, 0x00, 0x00,
  0x00, 0x00, 0x00, 0x00, 0x00, 0x00, 0x00, 0x00, 0x00, 0x00, 0x00, 0x00,
  0x00, 0x00, 0x00, 0x00, 0x00, 0x00, 0x00, 0x00, 0x00, 0x00, 0x00, 0x00,
  0x00, 0x00, 0x00, 0x00, 0x00, 0x00, 0x00, 0x00, 0x00, 0x00, 0x00, 0x00,
  0x00, 0x00, 0x00, 0x00, 0x00, 0x00, 0x00, 0x00, 0x00, 0x00, 0x00, 0x00,
  0x00, 0x00, 0x00, 0x00, 0x00, 0x00, 0x00, 0x00, 0x00, 0x00, 0x00, 0x00,
  0x00, 0x00, 0x00, 0x00, 0x00, 0x00, 0x00, 0x00, 0x00, 0x00, 0x00, 0x00,
  0x00, 0x00, 0x00, 0x00, 0x00, 0x00, 0x00, 0x00, 0x00, 0x00, 0x00, 0x00,
  0x00, 0x00, 0x00, 0x00, 0x00, 0x00, 0x00, 0x00, 0x00, 0x00, 0x00, 0x00,
  0x00, 0x00, 0x00, 0x00, 0x00, 0x00, 0x00, 0x00, 0x00, 0x00, 0x00, 0x00,
  0x00, 0x00, 0x00, 0x00, 0x00, 0x00, 0x00, 0x00, 0x00, 0x00, 0x00, 0x00,
  0x00, 0x00, 0x00, 0x00, 0x00, 0x00, 0x00, 0x00, 0x00, 0x00, 0x00, 0x00,
  0x00, 0x00, 0x00, 0x00, 0x00, 0x00, 0x00, 0x00, 0x00, 0x00, 0x00, 0x00,
  0x00, 0x00, 0x00, 0x00, 0x00, 0x00, 0x00, 0x00, 0x00, 0x00, 0x00, 0x00,
  0x00, 0x00, 0x00, 0x00, 0x00, 0x00, 0x00, 0x00, 0x00, 0x00, 0x00, 0x00,
  0x00, 0x00, 0x00, 0x00, 0x00, 0x00, 0x00, 0x00, 0x00, 0x00, 0x00, 0x00,
  0x00, 0x00, 0x00, 0x00, 0x00, 0x00, 0x00, 0x00, 0x00, 0x00, 0x00, 0x00,
  0x00, 0x00, 0x00, 0x00, 0x00, 0x00, 0x00, 0x00, 0x00, 0x00, 0x00, 0x00,
  0x00, 0x00, 0x00, 0x00, 0x00, 0x00, 0x00, 0x00, 0x00, 0x00, 0x00, 0x00,
  0x00, 0x00, 0x00, 0x00, 0x00, 0x00, 0x00, 0x00, 0x00, 0x00, 0x00, 0x00,
  0x00, 0x00, 0x00, 0x00, 0x00, 0x00, 0x00, 0x00, 0x00, 0x00, 0x00, 0x00,
  0x00, 0x00, 0x00, 0x00, 0x00, 0x00, 0x00, 0x00, 0x00, 0x00, 0x00, 0x00,
  0x00, 0x00, 0x00, 0x00, 0x00, 0x00, 0x00, 0x00, 0x00, 0x00, 0x00, 0x00,
  0x80, 0x00, 0x00, 0x00, 0xde, 0xc7, 0x0d, 0x3b, 0x4b, 0x60, 0x27, 0x3b,
  0x72, 0x76, 0xf9, 0x3a, 0xfd, 0xc4, 0xc4, 0x3a, 0x23, 0xe6, 0x1a, 0x3b,
  0xb9, 0x15, 0xbf, 0x3a, 0xc1, 0xec, 0xb7, 0x3a, 0xcf, 0x39, 0x23, 0x3b,
  0xcf, 0x28, 0xc6, 0x3a, 0xe0, 0xd0, 0x1f, 0x3b, 0x02, 0xd7, 0xaf, 0x3a,
  0xc8, 0x00, 0x66, 0x3b, 0x87, 0x10, 0x36, 0x3b, 0xf9, 0xcf, 0xec, 0x3a,
  0x3b, 0xf7, 0x23, 0x3b, 0xd9, 0x76, 0xab, 0x3a, 0x68, 0xf4, 0xb4, 0x3a,
  0x43, 0x15, 0xb6, 0x3a, 0xce, 0xba, 0xb5, 0x3a, 0xca, 0xbb, 0x1f, 0x3b,
  0x9c, 0x5e, 0xb1, 0x3a, 0xaf, 0x1b, 0xea, 0x3a, 0xe4, 0x5f, 0x00, 0x3b,
  0x30, 0x4f, 0xba, 0x3a, 0x13, 0x60, 0x1a, 0x3b, 0x0f, 0xc1, 0x0d, 0x3b,
  0x79, 0x85, 0x89, 0x3b, 0x78, 0x9d, 0x04, 0x3b, 0xd7, 0x01, 0xaf, 0x3a,
  0x0f, 0x90, 0xbc, 0x3a, 0x79, 0x92, 0xb4, 0x3a, 0x11, 0x6f, 0x03, 0x3b,
  0x0f, 0x90, 0x0e, 0x3b, 0x20, 0xba, 0xc4, 0x3a, 0xdf, 0x26, 0x20, 0x3b,
  0xcb, 0x3a, 0x20, 0x3b, 0xe9, 0xca, 0xb2, 0x3a, 0x1b, 0xed, 0x25, 0x3b,
  0x75, 0x27, 0xb6, 0x3a, 0x4e, 0xd2, 0xc1, 0x3a, 0x85, 0xdf, 0x0f, 0x3b,
  0xae, 0x37, 0xaf, 0x3a, 0xa8, 0xd1, 0xb2, 0x3a, 0x98, 0x4c, 0xb6, 0x3a,
  0x85, 0xf3, 0x27, 0x3b, 0x31, 0x57, 0xb3, 0x3a, 0xac, 0x41, 0x09, 0x3b,
  0x24, 0x71, 0x16, 0x3b, 0x3c, 0x01, 0x21, 0x3b, 0x53, 0xec, 0xda, 0x3a,
  0xd4, 0x49, 0xef, 0x3a, 0x17, 0x50, 0x0c, 0x3b, 0xdf, 0x25, 0xb2, 0x3a,
  0x97, 0xe4, 0x0a, 0x3b, 0x6b, 0x56, 0xac, 0x3a, 0x59, 0x87, 0x21, 0x3b,
  0x74, 0x48, 0x04, 0x3b, 0x14, 0x6a, 0xc5, 0x3a, 0xa7, 0x00, 0x13, 0x3b,
  0x77, 0xa2, 0x1f, 0x3b, 0xc3, 0x70, 0x0b, 0x3b, 0xce, 0xdd, 0x02, 0x3b,
  0x64, 0x88, 0xd4, 0x3a, 0xd9, 0x26, 0xce, 0x3a, 0x4b, 0x87, 0xf8, 0x3a,
  0xcf, 0xf1, 0xb0, 0x3a, 0xa8, 0xab, 0xb5, 0x3a, 0x96, 0xb9, 0x20, 0x3b,
  0xeb, 0xee, 0x02, 0x3b, 0x21, 0x9c, 0xb2, 0x3a, 0x16, 0x6d, 0x05, 0x3b,
  0xa0, 0x06, 0xb4, 0x3a, 0x95, 0x0a, 0x29, 0x3b, 0xbc, 0xe3, 0x03, 0x3b,
  0xac, 0xcb, 0xb3, 0x3a, 0x3b, 0x8e, 0xae, 0x3a, 0x5a, 0x35, 0x05, 0x3b,
  0xe9, 0xa7, 0x18, 0x3b, 0x5e, 0x13, 0x00, 0x3b, 0xc9, 0x5a, 0x11, 0x3b,
  0x16, 0x88, 0x19, 0x3b, 0xb2, 0xfe, 0xc4, 0x3a, 0xb4, 0xda, 0xaf, 0x3a,
  0x8d, 0xa8, 0x3b, 0x3b, 0x9d, 0x6d, 0x1a, 0x3b, 0xec, 0x0e, 0x1b, 0x3b,
  0xbb, 0x63, 0xeb, 0x3a, 0x6d, 0x19, 0x01, 0x3b, 0x9f, 0x5b, 0x05, 0x3b,
  0x61, 0x73, 0xdf, 0x3a, 0x93, 0x70, 0xf1, 0x3a, 0xe8, 0xe5, 0x23, 0x3b,
  0x01, 0x6a, 0xb5, 0x3a, 0x6b, 0xe9, 0xb5, 0x3a, 0xfd, 0x5a, 0x24, 0x3b,
  0xd4, 0xca, 0x14, 0x3b, 0x61, 0x0c, 0xf4, 0x3a, 0xaf, 0xf4, 0x28, 0x3b,
  0xb0, 0x2e, 0x23, 0x3b, 0x1f, 0xc8, 0xb5, 0x3a, 0xda, 0x4c, 0xec, 0x3a,
  0x5b, 0x4e, 0x33, 0x3b, 0xa2, 0x15, 0x27, 0x3b, 0x4c, 0x52, 0x17, 0x3b,
  0x7b, 0x52, 0x0a, 0x3b, 0xc8, 0x3a, 0xdb, 0x3a, 0x85, 0xd7, 0xb4, 0x3a,
  0x70, 0x41, 0xb1, 0x3a, 0x5d, 0x14, 0xfb, 0x3a, 0x8f, 0x68, 0x09, 0x3b,
  0xac, 0x49, 0xb1, 0x3a, 0x85, 0xa0, 0x04, 0x3b, 0x5a, 0x34, 0x20, 0x3b,
  0xbd, 0x57, 0xe4, 0x3a, 0x19, 0xb7, 0x05, 0x3b, 0x79, 0xb6, 0x1c, 0x3b,
  0x1d, 0x24, 0x01, 0x3b, 0x86, 0xbd, 0x0b, 0x3b, 0x14, 0xa7, 0x16, 0x3b,
  0xc8, 0x94, 0xbc, 0x3a, 0xc7, 0x66, 0xb5, 0x3a, 0x8a, 0x7c, 0x16, 0x3b,
  0xff, 0xd4, 0xb3, 0x3a, 0x10, 0xe0, 0x11, 0x3b, 0xd7, 0xed, 0xd0, 0x3a,
  0xd0, 0x73, 0x13, 0x3b, 0xc3, 0xa1, 0x04, 0x3b, 0x94, 0x61, 0x07, 0x3b,
  0x12, 0x00, 0x00, 0x00, 0x74, 0x66, 0x6c, 0x2e, 0x70, 0x73, 0x65, 0x75,
  0x64, 0x6f, 0x5f, 0x71, 0x63, 0x6f, 0x6e, 0x73, 0x74, 0x33, 0x00, 0x00,
  0x02, 0x00, 0x00, 0x00, 0x80, 0x00, 0x00, 0x00, 0x40, 0x00, 0x00, 0x00,
  0x4e, 0xf9, 0xff, 0xff, 0x00, 0x00, 0x00, 0x01, 0x14, 0x00, 0x00, 0x00,
  0x24, 0x06, 0x00, 0x00, 0x04, 0x00, 0x00, 0x00, 0x00, 0x00, 0x00, 0x02,
  0x30, 0x06, 0x00, 0x00, 0xb4, 0xf8, 0xff, 0xff, 0x08, 0x00, 0x00, 0x00,
  0x08, 0x04, 0x00, 0x00, 0x80, 0x00, 0x00, 0x00, 0x00, 0x00, 0x00, 0x00,
  0x00, 0x00, 0x00, 0x00, 0x00, 0x00, 0x00, 0x00, 0x00, 0x00, 0x00, 0x00,
  0x00, 0x00, 0x00, 0x00, 0x00, 0x00, 0x00, 0x00, 0x00, 0x00, 0x00, 0x00,
  0x00, 0x00, 0x00, 0x00, 0x00, 0x00, 0x00, 0x00, 0x00, 0x00, 0x00, 0x00,
  0x00, 0x00, 0x00, 0x00, 0x00, 0x00, 0x00, 0x00, 0x00, 0x00, 0x00, 0x00,
  0x00, 0x00, 0x00, 0x00, 0x00, 0x00, 0x00, 0x00, 0x00, 0x00, 0x00, 0x00,
  0x00, 0x00, 0x00, 0x00, 0x00, 0x00, 0x00, 0x00, 0x00, 0x00, 0x00, 0x00,
  0x00, 0x00, 0x00, 0x00, 0x00, 0x00, 0x00, 0x00, 0x00, 0x00, 0x00, 0x00,
  0x00, 0x00, 0x00, 0x00, 0x00, 0x00, 0x00, 0x00, 0x00, 0x00, 0x00, 0x00,
  0x00, 0x00, 0x00, 0x00, 0x00, 0x00, 0x00, 0x00, 0x00, 0x00, 0x00, 0x00,
  0x00, 0x00, 0x00, 0x00, 0x00, 0x00, 0x00, 0x00, 0x00, 0x00, 0x00, 0x00,
  0x00, 0x00, 0x00, 0x00, 0x00, 0x00, 0x00, 0x00, 0x00, 0x00, 0x00, 0x00,
  0x00, 0x00, 0x00, 0x00, 0x00, 0x00, 0x00, 0x00, 0x00, 0x00, 0x00, 0x00,
  0x00, 0x00, 0x00, 0x00, 0x00, 0x00, 0x00, 0x00, 0x00, 0x00, 0x00, 0x00,
  0x00, 0x00, 0x00, 0x00, 0x00, 0x00, 0x00, 0x00, 0x00, 0x00, 0x00, 0x00,
  0x00, 0x00, 0x00, 0x00, 0x00, 0x00, 0x00, 0x00, 0x00, 0x00, 0x00, 0x00,
  0x00, 0x00, 0x00, 0x00, 0x00, 0x00, 0x00, 0x00, 0x00, 0x00, 0x00, 0x00,
  0x00, 0x00, 0x00, 0x00, 0x00, 0x00, 0x00, 0x00, 0x00, 0x00, 0x00, 0x00,
  0x00, 0x00, 0x00, 0x00, 0x00, 0x00, 0x00, 0x00, 0x00, 0x00, 0x00, 0x00,
  0x00, 0x00, 0x00, 0x00, 0x00, 0x00, 0x00, 0x00, 0x00, 0x00, 0x00, 0x00,
  0x00, 0x00, 0x00, 0x00, 0x00, 0x00, 0x00, 0x00, 0x00, 0x00, 0x00, 0x00,
  0x00, 0x00, 0x00, 0x00, 0x00, 0x00, 0x00, 0x00, 0x00, 0x00, 0x00, 0x00,
  0x00, 0x00, 0x00, 0x00, 0x00, 0x00, 0x00, 0x00, 0x00, 0x00, 0x00, 0x00,
  0x00, 0x00, 0x00, 0x00, 0x00, 0x00, 0x00, 0x00, 0x00, 0x00, 0x00, 0x00,
  0x00, 0x00, 0x00, 0x00, 0x00, 0x00, 0x00, 0x00, 0x00, 0x00, 0x00, 0x00,
  0x00, 0x00, 0x00, 0x00, 0x00, 0x00, 0x00, 0x00, 0x00, 0x00, 0x00, 0x00,
  0x00, 0x00, 0x00, 0x00, 0x00, 0x00, 0x00, 0x00, 0x00, 0x00, 0x00, 0x00,
  0x00, 0x00, 0x00, 0x00, 0x00, 0x00, 0x00, 0x00, 0x00, 0x00, 0x00, 0x00,
  0x00, 0x00, 0x00, 0x00, 0x00, 0x00, 0x00, 0x00, 0x00, 0x00, 0x00, 0x00,
  0x00, 0x00, 0x00, 0x00, 0x00, 0x00, 0x00, 0x00, 0x00, 0x00, 0x00, 0x00,
  0x00, 0x00, 0x00, 0x00, 0x00, 0x00, 0x00, 0x00, 0x00, 0x00, 0x00, 0x00,
  0x00, 0x00, 0x00, 0x00, 0x00, 0x00, 0x00, 0x00, 0x00, 0x00, 0x00, 0x00,
  0x00, 0x00, 0x00, 0x00, 0x00, 0x00, 0x00, 0x00, 0x00, 0x00, 0x00, 0x00,
  0x00, 0x00, 0x00, 0x00, 0x00, 0x00, 0x00, 0x00, 0x00, 0x00, 0x00, 0x00,
  0x00, 0x00, 0x00, 0x00, 0x00, 0x00, 0x00, 0x00, 0x00, 0x00, 0x00, 0x00,
  0x00, 0x00, 0x00, 0x00, 0x00, 0x00, 0x00, 0x00, 0x00, 0x00, 0x00, 0x00,
  0x00, 0x00, 0x00, 0x00, 0x00, 0x00, 0x00, 0x00, 0x00, 0x00, 0x00, 0x00,
  0x00, 0x00, 0x00, 0x00, 0x00, 0x00, 0x00, 0x00, 0x00, 0x00, 0x00, 0x00,
  0x00, 0x00, 0x00, 0x00, 0x00, 0x00, 0x00, 0x00, 0x00, 0x00, 0x00, 0x00,
  0x00, 0x00, 0x00, 0x00, 0x00, 0x00, 0x00, 0x00, 0x00, 0x00, 0x00, 0x00,
  0x00, 0x00, 0x00, 0x00, 0x00, 0x00, 0x00, 0x00, 0x00, 0x00, 0x00, 0x00,
  0x00, 0x00, 0x00, 0x00, 0x00, 0x00, 0x00, 0x00, 0x00, 0x00, 0x00, 0x00,
  0x00, 0x00, 0x00, 0x00, 0x00, 0x00, 0x00, 0x00, 0x00, 0x00, 0x00, 0x00,
  0x00, 0x00, 0x00, 0x00, 0x00, 0x00, 0x00, 0x00, 0x00, 0x00, 0x00, 0x00,
  0x00, 0x00, 0x00, 0x00, 0x00, 0x00, 0x00, 0x00, 0x00, 0x00, 0x00, 0x00,
  0x00, 0x00, 0x00, 0x00, 0x00, 0x00, 0x00, 0x00, 0x00, 0x00, 0x00, 0x00,
  0x00, 0x00, 0x00, 0x00, 0x00, 0x00, 0x00, 0x00, 0x00, 0x00, 0x00, 0x00,
  0x00, 0x00, 0x00, 0x00, 0x00, 0x00, 0x00, 0x00, 0x00, 0x00, 0x00, 0x00,
  0x00, 0x00, 0x00, 0x00, 0x00, 0x00, 0x00, 0x00, 0x00, 0x00, 0x00, 0x00,
  0x00, 0x00, 0x00, 0x00, 0x00, 0x00, 0x00, 0x00, 0x00, 0x00, 0x00, 0x00,
  0x00, 0x00, 0x00, 0x00, 0x00, 0x00, 0x00, 0x00, 0x00, 0x00, 0x00, 0x00,
  0x00, 0x00, 0x00, 0x00, 0x00, 0x00, 0x00, 0x00, 0x00, 0x00, 0x00, 0x00,
  0x00, 0x00, 0x00, 0x00, 0x00, 0x00, 0x00, 0x00, 0x00, 0x00, 0x00, 0x00,
  0x00, 0x00, 0x00, 0x00, 0x00, 0x00, 0x00, 0x00, 0x00, 0x00, 0x00, 0x00,
  0x00, 0x00, 0x00, 0x00, 0x00, 0x00, 0x00, 0x00, 0x00, 0x00, 0x00, 0x00,
  0x00, 0x00, 0x00, 0x00, 0x00, 0x00, 0x00, 0x00, 0x00, 0x00, 0x00, 0x00,
  0x00, 0x00, 0x00, 0x00, 0x00, 0x00, 0x00, 0x00, 0x00, 0x00, 0x00, 0x00,
  0x00, 0x00, 0x00, 0x00, 0x00, 0x00, 0x00, 0x00, 0x00, 0x00, 0x00, 0x00,
  0x00, 0x00, 0x00, 0x00, 0x00, 0x00, 0x00, 0x00, 0x00, 0x00, 0x00, 0x00,
  0x00, 0x00, 0x00, 0x00, 0x00, 0x00, 0x00, 0x00, 0x00, 0x00, 0x00, 0x00,
  0x00, 0x00, 0x00, 0x00, 0x00, 0x00, 0x00, 0x00, 0x00, 0x00, 0x00, 0x00,
  0x00, 0x00, 0x00, 0x00, 0x00, 0x00, 0x00, 0x00, 0x00, 0x00, 0x00, 0x00,
  0x00, 0x00, 0x00, 0x00, 0x00, 0x00, 0x00, 0x00, 0x00, 0x00, 0x00, 0x00,
  0x00, 0x00, 0x00, 0x00, 0x00, 0x00, 0x00, 0x00, 0x00, 0x00, 0x00, 0x00,
  0x00, 0x00, 0x00, 0x00, 0x00, 0x00, 0x00, 0x00, 0x00, 0x00, 0x00, 0x00,
  0x00, 0x00, 0x00, 0x00, 0x00, 0x00, 0x00, 0x00, 0x00, 0x00, 0x00, 0x00,
  0x00, 0x00, 0x00, 0x00, 0x00, 0x00, 0x00, 0x00, 0x00, 0x00, 0x00, 0x00,
  0x00, 0x00, 0x00, 0x00, 0x00, 0x00, 0x00, 0x00, 0x00, 0x00, 0x00, 0x00,
  0x00, 0x00, 0x00, 0x00, 0x00, 0x00, 0x00, 0x00, 0x00, 0x00, 0x00, 0x00,
  0x00, 0x00, 0x00, 0x00, 0x00, 0x00, 0x00, 0x00, 0x00, 0x00, 0x00, 0x00,
  0x00, 0x00, 0x00, 0x00, 0x00, 0x00, 0x00, 0x00, 0x00, 0x00, 0x00, 0x00,
  0x00, 0x00, 0x00, 0x00, 0x00, 0x00, 0x00, 0x00, 0x00, 0x00, 0x00, 0x00,
  0x00, 0x00, 0x00, 0x00, 0x00, 0x00, 0x00, 0x00, 0x00, 0x00, 0x00, 0x00,
  0x00, 0x00, 0x00, 0x00, 0x00, 0x00, 0x00, 0x00, 0x00, 0x00, 0x00, 0x00,
  0x00, 0x00, 0x00, 0x00, 0x00, 0x00, 0x00, 0x00, 0x00, 0x00, 0x00, 0x00,
  0x00, 0x00, 0x00, 0x00, 0x00, 0x00, 0x00, 0x00, 0x00, 0x00, 0x00, 0x00,
  0x00, 0x00, 0x00, 0x00, 0x00, 0x00, 0x00, 0x00, 0x00, 0x00, 0x00, 0x00,
  0x00, 0x00, 0x00, 0x00, 0x00, 0x00, 0x00, 0x00, 0x00, 0x00, 0x00, 0x00,
  0x00, 0x00, 0x00, 0x00, 0x00, 0x00, 0x00, 0x00, 0x00, 0x00, 0x00, 0x00,
  0x00, 0x00, 0x00, 0x00, 0x00, 0x00, 0x00, 0x00, 0x00, 0x00, 0x00, 0x00,
  0x00, 0x00, 0x00, 0x00, 0x00, 0x00, 0x00, 0x00, 0x00, 0x00, 0x00, 0x00,
  0x00, 0x00, 0x00, 0x00, 0x00, 0x00, 0x00, 0x00, 0x00, 0x00, 0x00, 0x00,
  0x00, 0x00, 0x00, 0x00, 0x00, 0x00, 0x00, 0x00, 0x00, 0x00, 0x00, 0x00,
  0x00, 0x00, 0x00, 0x00, 0x00, 0x00, 0x00, 0x00, 0x00, 0x00, 0x00, 0x00,
  0x00, 0x00, 0x00, 0x00, 0x00, 0x00, 0x00, 0x00, 0x00, 0x00, 0x00, 0x00,
  0x00, 0x00, 0x00, 0x00, 0x00, 0x00, 0x00, 0x00, 0x00, 0x00, 0x00, 0x00,
  0x80, 0x00, 0x00, 0x00, 0x07, 0xec, 0xc6, 0x37, 0x3f, 0xd5, 0xea, 0x37,
  0x52, 0x00, 0xaf, 0x37, 0x4b, 0x09, 0x8a, 0x37, 0xc4, 0x53, 0xd9, 0x37,
  0x68, 0x0c, 0x86, 0x37, 0x8e, 0x06, 0x81, 0x37, 0x8e, 0x02, 0xe5, 0x37,
  0xe8, 0x02, 0x8b, 0x37, 0xcf, 0x39, 0xe0, 0x37, 0x34, 0xb5, 0x76, 0x37,
  0x9e, 0x59, 0x21, 0x38, 0xf4, 0x70, 0xff, 0x37, 0x7d, 0x20, 0xa6, 0x37,
  0x52, 0x0c, 0xe6, 0x37, 0x97, 0x91, 0x70, 0x37, 0x53, 0xe2, 0x7d, 0x37,
  0x98, 0x77, 0x7f, 0x37, 0xaf, 0xf8, 0x7e, 0x37, 0x39, 0x1c, 0xe0, 0x37,
  0xa2, 0xda, 0x78, 0x37, 0xd7, 0x3a, 0xa4, 0x37, 0xe0, 0x1c, 0xb4, 0x37,
  0xc8, 0xb2, 0x82, 0x37, 0xac, 0x97, 0xd8, 0x37, 0x7a, 0xe2, 0xc6, 0x37,
  0x2d, 0xf2, 0x40, 0x38, 0xf8, 0x0f, 0xba, 0x37, 0x20, 0x8a, 0x75, 0x37,
  0x77, 0x47, 0x84, 0x37, 0xec, 0x58, 0x7d, 0x37, 0xb1, 0x67, 0xb8, 0x37,
  0xe7, 0x04, 0xc8, 0x37, 0xac, 0x01, 0x8a, 0x37, 0x76, 0xb2, 0xe0, 0x37,
  0x6a, 0xce, 0xe0, 0x37, 0xc1, 0xd9, 0x7a, 0x37, 0x76, 0xcc, 0xe8, 0x37,
  0x20, 0x91, 0x7f, 0x37, 0xe0, 0xf7, 0x87, 0x37, 0x90, 0xdb, 0xc9, 0x37,
  0xaa, 0xd5, 0x75, 0x37, 0x38, 0xe3, 0x7a, 0x37, 0x3a, 0xc5, 0x7f, 0x37,
  0xd0, 0xa3, 0xeb, 0x37, 0x93, 0x9e, 0x7b, 0x37, 0x0d, 0x93, 0xc0, 0x37,
  0xeb, 0x12, 0xd3, 0x37, 0xd5, 0xe4, 0xe1, 0x37, 0xcf, 0x93, 0x99, 0x37,
  0x26, 0xdd, 0xa7, 0x37, 0xcd, 0xdc, 0xc4, 0x37, 0x33, 0xf2, 0x79, 0x37,
  0xcd, 0xde, 0xc2, 0x37, 0x44, 0xcb, 0x71, 0x37, 0xff, 0xa0, 0xe2, 0x37,
  0xb1, 0x98, 0xb9, 0x37, 0x1b, 0x7d, 0x8a, 0x37, 0x92, 0x3f, 0xce, 0x37,
  0xb1, 0xf8, 0xdf, 0x37, 0x78, 0xa3, 0xc3, 0x37, 0xe3, 0x9b, 0xb7, 0x37,
  0x2e, 0x18, 0x95, 0x37, 0x3b, 0x9e, 0x90, 0x37, 0x8d, 0x58, 0xae, 0x37,
  0xfb, 0x41, 0x78, 0x37, 0x6e, 0xe3, 0x7e, 0x37, 0x4e, 0x80, 0xe1, 0x37,
  0xe6, 0xb3, 0xb7, 0x37, 0x1f, 0x98, 0x7a, 0x37, 0x43, 0x33, 0xbb, 0x37,
  0xb6, 0x94, 0x7c, 0x37, 0x58, 0x2b, 0xed, 0x37, 0x61, 0x0b, 0xb9, 0x37,
  0xff, 0x41, 0x7c, 0x37, 0xec, 0xe7, 0x74, 0x37, 0x11, 0xe5, 0xba, 0x37,
  0x1c, 0x2e, 0xd6, 0x37, 0x83, 0xb1, 0xb3, 0x37, 0xae, 0xef, 0xcb, 0x37,
  0xa3, 0x68, 0xd7, 0x37, 0xc7, 0x31, 0x8a, 0x37, 0x64, 0xba, 0x76, 0x37,
  0x0f, 0xa5, 0x03, 0x38, 0xab, 0xaa, 0xd8, 0x37, 0xfd, 0x8c, 0xd9, 0x37,
  0xf8, 0x20, 0xa5, 0x37, 0x30, 0x21, 0xb5, 0x37, 0xc2, 0x1a, 0xbb, 0x37,
  0xe6, 0xc0, 0x9c, 0x37, 0x81, 0x5f, 0xa9, 0x37, 0x03, 0xf4, 0xe5, 0x37,
  0x51, 0x87, 0x7e, 0x37, 0x15, 0x3a, 0x7f, 0x37, 0x48, 0x98, 0xe6, 0x37,
  0x67, 0xc2, 0xd0, 0x37, 0xfa, 0x33, 0xab, 0x37, 0x9e, 0x0c, 0xed, 0x37,
  0xf4, 0xf2, 0xe4, 0x37, 0x5d, 0x0b, 0x7f, 0x37, 0x82, 0xc4, 0xa5, 0x37,
  0x2d, 0x92, 0xfb, 0x37, 0x7f, 0x6c, 0xea, 0x37, 0xd2, 0x4e, 0xd4, 0x37,
  0xcf, 0x11, 0xc2, 0x37, 0xd9, 0xca, 0x99, 0x37, 0xcb, 0xb9, 0x7d, 0x37,
  0xb4, 0xb1, 0x78, 0x37, 0xb0, 0x22, 0xb0, 0x37, 0x9c, 0xc9, 0xc0, 0x37,
  0x41, 0xbd, 0x78, 0x37, 0x40, 0x14, 0xba, 0x37, 0x60, 0xc5, 0xe0, 0x37,
  0x72, 0x2f, 0xa0, 0x37, 0x1a, 0x9b, 0xbb, 0x37, 0x3e, 0xdf, 0xdb, 0x37,
  0x2f, 0x30, 0xb5, 0x37, 0x2a, 0x0f, 0xc4, 0x37, 0x98, 0x5e, 0xd3, 0x37,
  0xc7, 0x4a, 0x84, 0x37, 0xca, 0x82, 0x7e, 0x37, 0xe9, 0x22, 0xd3, 0x37,
  0x14, 0x4f, 0x7c, 0x37, 0xac, 0xaa, 0xcc, 0x37, 0x00, 0x91, 0x92, 0x37,
  0x25, 0xe1, 0xce, 0x37, 0xfe, 0x15, 0xba, 0x37, 0x77, 0xf1, 0xbd, 0x37,
  0x12, 0x00, 0x00, 0x00, 0x74, 0x66, 0x6c, 0x2e, 0x70, 0x73, 0x65, 0x75,
  0x64, 0x6f, 0x5f, 0x71, 0x63, 0x6f, 0x6e, 0x73, 0x74, 0x32, 0x00, 0x00,
  0x01, 0x00, 0x00, 0x00, 0x80, 0x00, 0x00, 0x00, 0x9e, 0xff, 0xff, 0xff,
  0x00, 0x00, 0x00, 0x01, 0x14, 0x00, 0x00, 0x00, 0x30, 0x00, 0x00, 0x00,
  0x03, 0x00, 0x00, 0x00, 0x00, 0x00, 0x00, 0x09, 0x3c, 0x00, 0x00, 0x00,
  0x04, 0xff, 0xff, 0xff, 0x08, 0x00, 0x00, 0x00, 0x10, 0x00, 0x00, 0x00,
  0x01, 0x00, 0x00, 0x00, 0x00, 0x00, 0x00, 0x00, 0x00, 0x00, 0x00, 0x00,
  0x01, 0x00, 0x00, 0x00, 0xac, 0xa9, 0x9d, 0x3b, 0x12, 0x00, 0x00, 0x00,
  0x74, 0x66, 0x6c, 0x2e, 0x70, 0x73, 0x65, 0x75, 0x64, 0x6f, 0x5f, 0x71,
  0x63, 0x6f, 0x6e, 0x73, 0x74, 0x31, 0x00, 0x00, 0x02, 0x00, 0x00, 0x00,
  0x01, 0x00, 0x00, 0x00, 0x80, 0x00, 0x00, 0x00, 0x00, 0x00, 0x16, 0x00,
  0x1c, 0x00, 0x18, 0x00, 0x17, 0x00, 0x10, 0x00, 0x0c, 0x00, 0x08, 0x00,
  0x00, 0x00, 0x00, 0x00, 0x00, 0x00, 0x07, 0x00, 0x16, 0x00, 0x00, 0x00,
  0x00, 0x00, 0x00, 0x01, 0x14, 0x00, 0x00, 0x00, 0x30, 0x00, 0x00, 0x00,
  0x02, 0x00, 0x00, 0x00, 0x00, 0x00, 0x00, 0x02, 0x3c, 0x00, 0x00, 0x00,
  0x7c, 0xff, 0xff, 0xff, 0x08, 0x00, 0x00, 0x00, 0x10, 0x00, 0x00, 0x00,
  0x01, 0x00, 0x00, 0x00, 0x00, 0x00, 0x00, 0x00, 0x00, 0x00, 0x00, 0x00,
  0x01, 0x00, 0x00, 0x00, 0xd5, 0x1d, 0x12, 0x38, 0x11, 0x00, 0x00, 0x00,
  0x74, 0x66, 0x6c, 0x2e, 0x70, 0x73, 0x65, 0x75, 0x64, 0x6f, 0x5f, 0x71,
  0x63, 0x6f, 0x6e, 0x73, 0x74, 0x00, 0x00, 0x00, 0x01, 0x00, 0x00, 0x00,
  0x01, 0x00, 0x00, 0x00, 0x00, 0x00, 0x16, 0x00, 0x20, 0x00, 0x1c, 0x00,
  0x1b, 0x00, 0x14, 0x00, 0x10, 0x00, 0x0c, 0x00, 0x00, 0x00, 0x00, 0x00,
  0x08, 0x00, 0x07, 0x00, 0x16, 0x00, 0x00, 0x00, 0x00, 0x00, 0x00, 0x01,
  0x18, 0x00, 0x00, 0x00, 0x2c, 0x00, 0x00, 0x00, 0x4c, 0x00, 0x00, 0x00,
  0x01, 0x00, 0x00, 0x00, 0x00, 0x00, 0x00, 0x09, 0x64, 0x00, 0x00, 0x00,
  0x02, 0x00, 0x00, 0x00, 0xff, 0xff, 0xff, 0xff, 0x01, 0x00, 0x00, 0x00,
  0x0c, 0x00, 0x0c, 0x00, 0x00, 0x00, 0x00, 0x00, 0x08, 0x00, 0x04, 0x00,
  0x0c, 0x00, 0x00, 0x00, 0x08, 0x00, 0x00, 0x00, 0x14, 0x00, 0x00, 0x00,
  0x01, 0x00, 0x00, 0x00, 0x80, 0xff, 0xff, 0xff, 0xff, 0xff, 0xff, 0xff,
  0x00, 0x00, 0x00, 0x00, 0x01, 0x00, 0x00, 0x00, 0x50, 0x84, 0xc9, 0x3c,
  0x1e, 0x00, 0x00, 0x00, 0x73, 0x65, 0x72, 0x76, 0x69, 0x6e, 0x67, 0x5f,
  0x64, 0x65, 0x66, 0x61, 0x75, 0x6c, 0x74, 0x5f, 0x6b, 0x65, 0x72, 0x61,
  0x73, 0x5f, 0x74, 0x65, 0x6e, 0x73, 0x6f, 0x72, 0x3a, 0x30, 0x00, 0x00,
  0x02, 0x00, 0x00, 0x00, 0x01, 0x00, 0x00, 0x00, 0x01, 0x00, 0x00, 0x00,
  0x01, 0x00, 0x00, 0x00, 0x10, 0x00, 0x00, 0x00, 0x0c, 0x00, 0x10, 0x00,
  0x0f, 0x00, 0x00, 0x00, 0x08, 0x00, 0x04, 0x00, 0x0c, 0x00, 0x00, 0x00,
  0x09, 0x00, 0x00, 0x00, 0x04, 0x00, 0x00, 0x00, 0x00, 0x00, 0x00, 0x09
};
const unsigned int sin_wave_model_tflite_len = 19296;
